timestamp,frame index,eci x [m],eci y [m],eci z [m],q_eta,q_e1,q_e2,q_e3
1735208668.0281885,0,-1538584.7806324826,-4547045.004621564,4864017.823540163,0.041871507694296865,0.7953376056039376,0.34857047705968486,0.49414925824086314
1735208668.1115217,1,-1538837.7505014369,-4547430.442004024,4863578.825181318,0.04185925034841516,0.7953311371982512,0.3485302452451976,0.49418907915846366
1735208668.1948552,2,-1539090.7210941445,-4547815.880489229,4863139.825566488,0.04184699296746487,0.7953246687740586,0.3484900133156061,0.4942289001899929
1735208668.2781885,3,-1539343.6774447698,-4548201.277928703,4862700.784379171,0.04182770870434414,0.795318481717895,0.3484526915127613,0.49426680470973583
1735208668.3615217,4,-1539596.6073496372,-4548586.597228159,4862261.659406986,0.04179467776060763,0.7953128450626965,0.34842106253356536,0.4943009602015075
1735208668.4448552,5,-1539849.5379781437,-4548971.917630022,4861822.533178452,0.04176164672236874,0.7953072083913715,0.34838943346387813,0.49433511579099887
1735208668.5281885,6,-1540102.4543580075,-4549357.196976312,4861383.365389373,0.04173094336019595,0.7953022496405597,0.34835669000111996,0.49436876309965955
1735208668.6115217,7,-1540355.344279056,-4549742.398162668,4860944.1138380775,0.04170479342013917,0.7952986170666154,0.34832176628647327,0.49440141625531053
1735208668.6948552,8,-1540608.2349236289,-4550127.600451093,4860504.861030072,0.04167864340526674,0.7952949844822783,0.34828684247190894,0.49443406950438307
1735208668.7781885,9,-1540861.1113130068,-4550512.761674116,4860065.566673456,0.041650807571380566,0.7952899053641317,0.3482542257202663,0.4944675602820013
1735208668.8615217,10,-1541113.9612305274,-4550897.844717318,4859626.188577265,0.04161967364200866,0.795281996387532,0.348226122054879,0.49450268969022637
1735208668.9448552,11,-1541366.8118714578,-4551282.928862251,4859186.809224001,0.04158853962356177,0.7952740873883047,0.3481980183090864,0.4945378191989576
1735208669.0281885,12,-1541619.6482506315,-4551667.971931942,4858747.388334085,0.04155648940650692,0.7952676816793491,0.34817087475608965,0.49456992670554656
1735208669.1115217,13,-1541872.458144887,-4552052.936801895,4858307.8837272795,0.041522646665973974,0.795264216796289,0.3481456094603625,0.49459612249932733
1735208669.1948552,14,-1542125.2687624379,-4552437.9027732415,4857868.37786304,0.04148880382861607,0.7952607519033157,0.3481203440923507,0.4946223183680549
1735208669.2781885,15,-1542378.065111688,-4552822.827659534,4857428.830474077,0.04146016288851865,0.7952560035933375,0.34809076311870185,0.49465317261595987
1735208669.3615217,16,-1542630.834962995,-4553207.674326233,4856989.199390853,0.041441698173184056,0.7952487445294486,0.3480527394319809,0.4946931401462375
1735208669.4448552,17,-1542883.6055374825,-4553592.522093988,4856549.567049833,0.04142323340502144,0.7952414854447915,0.3480147156364732,0.4947331077908633
1735208669.5281885,18,-1543136.361837108,-4553977.32876685,4856109.893196057,0.04140454094321774,0.795234016989975,0.347980581939577,0.4947706891175424
1735208669.6115217,19,-1543389.0916257286,-4554362.057200208,4855670.135670723,0.04138540294351091,0.7952261389059986,0.3479540581868286,0.4948036023404659
1735208669.6948552,20,-1543641.8221374159,-4554746.786734285,4855230.376887232,0.04136626488904977,0.7952182607994827,0.34792753435819507,0.49483651565755493
1735208669.7781885,21,-1543894.5383676852,-4555131.475163641,4854790.576602947,0.04134506705329885,0.7952105128891681,0.3479012593530136,0.4948692122181234
1735208669.8615217,22,-1544147.2280739008,-4555516.085333612,4854350.692669797,0.041319839583036,0.7952030196361513,0.34787547096995086,0.4949014849245189
1735208669.9448552,23,-1544399.9185030684,-4555900.696603961,4853910.807478127,0.04129461204059671,0.7951955263616961,0.34784968251310694,0.49493375772324744
1735208670.0281885,24,-1544652.5946442795,-4556285.2667597905,4853470.8807976,0.04127498231841779,0.7951889869523902,0.34782553449728665,0.4949628748297309
1735208670.1115217,25,-1544905.2442484216,-4556669.758636397,4853030.870490853,0.041266303409014916,0.795184313537005,0.3478045955137926,0.4949858186709449
1735208670.1948552,26,-1545157.8945754007,-4557054.251613044,4852590.858925224,0.041257624474781464,0.7951796401082492,0.3477836564703916,0.49500876257780185
1735208670.2781885,27,-1545410.5306078587,-4557438.703465334,4852150.805882727,0.041241323277433524,0.7951731516581854,0.3477611067897524,0.49503638448149057
1735208670.3615217,28,-1545663.1400901813,-4557823.077018495,4851710.669236754,0.04121011068233064,0.7951631124758177,0.3477354061200707,0.4950731580271515
1735208670.4448552,29,-1545915.750295226,-4558207.451671358,4851270.531331539,0.04117889799792771,0.7951530732647278,0.34770970537685875,0.49510993167802253
1735208670.5281885,30,-1546168.3461992121,-4558591.785190068,4850830.351961399,0.04114931926355857,0.7951451211201679,0.3476838378989532,0.49514332959505375
1735208670.6115217,31,-1546420.915540049,-4558976.040389824,4850390.089010443,0.041122936832904605,0.7951412518246295,0.34765764409596095,0.4951701238070643
1735208670.6948552,32,-1546673.4856034932,-4559360.296688944,4849949.824799882,0.04109655432676983,0.7951373825180209,0.3476314502180276,0.4951969180957338
1735208670.7781885,33,-1546926.041359324,-4559744.511844091,4849509.519136379,0.04107488205717569,0.7951323400473246,0.3476051778527954,0.49522525632525904
1735208670.8615217,34,-1547178.5705389576,-4560128.648660412,4849069.12991479,0.04106242422366151,0.795125002507019,0.34757875179712033,0.4952566150992019
1735208670.9448552,35,-1547431.1004410835,-4560512.786575759,4848628.739433238,0.04104996635450516,0.7951176649457206,0.3475523256658397,0.495287973962863
1735208671.0281885,36,-1547683.6160290546,-4560896.883337334,4848188.307510705,0.04103820449598156,0.7951112256179779,0.34752926249435445,0.4953154708449017
1735208671.1115217,37,-1547936.1050278067,-4561280.901740251,4847747.792052785,0.0410278041656483,0.7951065434535557,0.3475127780960825,0.4953354127504445
1735208671.1948552,38,-1548188.5947489364,-4561664.921241855,4847307.275334539,0.041017403805559426,0.7951018612757377,0.34749629365064827,0.49535535471304165
1735208671.2781885,39,-1548441.0701493626,-4562048.89957988,4846866.717187293,0.04099752959823606,0.7950958324688816,0.3474768779487765,0.4953802943174105
1735208671.3615217,40,-1548693.5189475338,-4562432.799539397,4846426.0755273895,0.04095912174995094,0.7950871692402994,0.34745172777003475,0.4954150108648168
1735208671.4448552,41,-1548945.9684679678,-4562816.700597261,4845985.4326067995,0.04092071379177998,0.7950785059869316,0.34742657751933764,0.4954497275115481
1735208671.5281885,42,-1549198.403661151,-4563200.560481744,4845544.748269192,0.04088533871863763,0.7950701061130333,0.34740137364986395,0.4954838026075629
1735208671.6115217,43,-1549450.8122390462,-4563584.341967878,4845103.9804416625,0.04085589663002449,0.7950622214369953,0.3473760647458041,0.49551662283930237
1735208671.6948552,44,-1549703.221539089,-4563968.124552021,4844663.211353084,0.040826454457176774,0.7950543367383991,0.3473507557693349,0.4955494431649413
1735208671.7781885,45,-1549955.6165053432,-4564351.865952994,4844222.400859461,0.04079854160638413,0.795045782195923,0.34732559323534723,0.4955831042042183
1735208671.8615217,46,-1550207.9848432944,-4564735.528935807,4843781.506898632,0.040773620386656544,0.79503591720113,0.34730071704351567,0.49561841010599833
1735208671.9448552,47,-1550460.353903278,-4565119.193016289,4843340.611676394,0.04074869909562871,0.7950260521781128,0.3472758407805127,0.49565371610878944
1735208672.0281885,48,-1550712.7086229252,-4565502.8159038,4842899.675061106,0.040718690627802805,0.7950192277329531,0.3472510123703881,0.495684524421265
1735208672.1115217,49,-1550965.036701235,-4565886.3603533115,4842458.655001371,0.040678730032686634,0.7950183514814728,0.3472262774350891,0.49570653414943877
1735208672.1948552,50,-1551217.3655014618,-4566269.905900155,4842017.633679867,0.040638769323242174,0.7950174752274856,0.3472015424290228,0.49572854394058297
1735208672.2781885,51,-1551469.6799548164,-4566653.410244243,4841576.570977292,0.040602114410240295,0.7950157620217839,0.3471749828507033,0.4957528974428728
1735208672.3615217,52,-1551721.967753822,-4567036.836130532,4841135.424852999,0.040571926366663055,0.7950124114917794,0.3471448537433872,0.49578183604459014
1735208672.4448552,53,-1551974.2562746294,-4567420.2631138135,4840694.277466575,0.04054173823671704,0.7950090609521889,0.347114724549871,0.4958107747291016
1735208672.5281885,54,-1552226.53044202,-4567803.648884545,4840253.08871108,0.04051292322777122,0.7950038367866415,0.347085637308735,0.49584187041083966
1735208672.6115217,55,-1552478.7779420328,-4568186.956177656,4839811.816556636,0.040486794271316184,0.7949949472485671,0.3470585882589045,0.49587718596440755
1735208672.6948552,56,-1552731.026163732,-4568570.264567419,4839370.543139701,0.04046066524010554,0.7949860576850596,0.347031539131686,0.4959125016190141
1735208672.7781885,57,-1552983.2600254796,-4568953.531734855,4838929.228365681,0.0404361939217679,0.7949773745749302,0.34700513637089486,0.4959468938049775
1735208672.8615217,58,-1553235.4672068402,-4569336.720404877,4838487.830215455,0.04041496542257856,0.7949690952975108,0.3469799979382162,0.4959794796170902
1735208672.9448552,59,-1553487.675109772,-4569719.910171213,4838046.430802377,0.04039373686265394,0.7949608159964041,0.34695485943361587,0.49601206552243177
1735208673.0281885,60,-1553739.868646212,-4570103.05870544,4837604.990044219,0.04036990911128379,0.7949546075260782,0.3469336153076268,0.4960388168734176
1735208673.1115217,61,-1553992.035489244,-4570486.12872245,4837163.465932635,0.040340996471568726,0.7949524501528068,0.3469199895708203,0.49605415433251493
1735208673.1948552,62,-1554244.2030537317,-4570869.199835435,4836721.940557838,0.04031208374913386,0.7949502927733633,0.34690636379503026,0.4960694918354931
1735208673.2781885,63,-1554496.3562451892,-4571252.229706527,4836280.373849965,0.040285417021304316,0.7949472190345682,0.34688609588737657,0.4960907559796151
1735208673.3615217,64,-1554748.4827302226,-4571635.181040603,4835838.723811441,0.040263143946101,0.7949423526200159,0.34685283397422567,0.4961236144322188
1735208673.4448552,65,-1555000.6099365966,-4572018.133470313,4835397.072509345,0.04024087080717383,0.7949374861915407,0.34681957196591157,0.49615647297883136
1735208673.5281885,66,-1555252.7227634084,-4572401.044648365,4834955.379886168,0.04021753980713035,0.7949298514891615,0.3467914905972912,0.49619022621714887
1735208673.6115217,67,-1555504.8088707926,-4572783.877269632,4834513.603955107,0.040192139200401815,0.7949168012158693,0.34677354387074144,0.4962257299148797
1735208673.6948552,68,-1555756.8956994014,-4573166.710986192,4834071.826760114,0.04016673852100149,0.79490375090524,0.3467555970928456,0.4962612337141875
1735208673.7781885,69,-1556008.9681419092,-4573549.503441318,4833630.008256057,0.04014114973094031,0.7948913924820021,0.3467347954008335,0.4962976337455396
1735208673.8615217,70,-1556261.0138519702,-4573932.217319863,4833188.10646692,0.040115192799903054,0.7948803875173875,0.34670840857140717,0.4963357872644591
1735208673.9448552,71,-1556513.0602831403,-4574314.932293362,4832746.20341349,0.04008923579460236,0.7948693825212875,0.34668202166648737,0.49637394089253684
1735208674.0281885,72,-1556765.0923216818,-4574697.605995666,4832304.259062999,0.04006138315883749,0.7948598953873731,0.3466571476463562,0.4964087551425728
1735208674.1115217,73,-1557017.0976147803,-4575080.201101632,4831862.231450201,0.040029821976843044,0.7948533775689003,0.34663523311834743,0.4964370368177584
1735208674.1948552,74,-1557269.1036288727,-4575462.797302213,4831420.202572751,0.03999826070455124,0.7948468597317799,0.3466133185276406,0.49646531857385856
1735208674.2781885,75,-1557521.0952438007,-4575845.352221829,4830978.132410257,0.039964935881351665,0.7948418916697276,0.34658932800318654,0.4964927052232947
1735208674.3615217,76,-1557773.0601002742,-4576227.828525332,4830535.979008265,0.03992816086633356,0.7948399553790513,0.3465612762298062,0.49651834094373837
1735208674.4448552,77,-1558025.0256776256,-4576610.30592311,4830093.824341261,0.03989138574610118,0.7948380190828351,0.34653322437616896,0.4965439767375265
1735208674.5281885,78,-1558276.9768492791,-4576992.742030158,4829651.628401237,0.03986151047463294,0.7948370237894958,0.3465033218297344,0.49656883894608794
1735208674.6115217,79,-1558528.9012494702,-4577375.099501323,4829209.34924453,0.03984513309529641,0.7948378693588585,0.3464697986364071,0.4965921879418938
1735208674.6948552,80,-1558780.8263704232,-4577757.458066423,4828767.068822452,0.03982875566910377,0.7948387149306402,0.34643627534716903,0.4966155370045018
1735208674.7781885,81,-1559032.7370791538,-4578139.775331045,4828324.7471393645,0.03980945078678645,0.7948377953897663,0.34640699895317223,0.49663897978754534
1735208674.8615217,82,-1559284.6210034313,-4578522.013940045,4827882.342262385,0.03978441886270818,0.7948334227832242,0.34638603052581984,0.49666260604552653
1735208674.9448552,83,-1559536.5056483555,-4578904.25364264,4827439.936119675,0.03975938686701292,0.7948290501641719,0.3463650620384763,0.496686232371103
1735208675.0281885,84,-1559788.3758745205,-4579286.45203499,4826997.488727994,0.039733064702343834,0.7948261145250636,0.3463396074830991,0.49671078616895215
1735208675.1115217,85,-1560040.2193032198,-4579668.571751952,4826554.958165269,0.03970421845425152,0.7948259900094816,0.346305376764995,0.49673715450280476
1735208675.1948552,86,-1560292.0634524494,-4580050.692562168,4826112.426336454,0.03967537212362934,0.7948258654935434,0.3462711459489559,0.4967635229120978
1735208675.2781885,87,-1560543.8931764038,-4580432.7720524045,4825669.853270673,0.03964685846166139,0.7948220048624139,0.34624010505696445,0.49679361331255034
1735208675.3615217,88,-1560795.6960899176,-4580814.772847541,4825227.197056631,0.03961899543425666,0.7948108353096863,0.3462153043865807,0.4968309851507998
1735208675.4448552,89,-1561047.499723846,-4581196.77473559,4824784.539576137,0.03959113232713511,0.7947996657250023,0.3461905036452416,0.4968683570959711
1735208675.5281885,90,-1561299.2889259588,-4581578.735293892,4824341.840870735,0.0395639561972393,0.794789661661975,0.346166353752267,0.4969033514280263
1735208675.6115217,91,-1561551.0513046093,-4581960.6171373185,4823899.059039956,0.039538123837356644,0.7947819376335808,0.3461434769679532,0.49693369467096166
1735208675.6948552,92,-1561802.8144035584,-4582342.500073318,4823456.2759423675,0.03951229140356695,0.7947742135830882,0.3461206001181883,0.4969640380007099
1735208675.7781885,93,-1562054.5630641785,-4582724.341669842,4823013.451631881,0.03948233296021795,0.7947671330775996,0.34609575529992936,0.49699504495847624
1735208675.8615217,94,-1562306.2848883665,-4583106.104531797,4822570.544218815,0.03944430270533673,0.7947613114888664,0.3460670604385911,0.49702735033423884
1735208675.9448552,95,-1562558.0074327372,-4583487.868485984,4822127.635538579,0.03940627234164997,0.7947554898834774,0.34603836549515615,0.49705965580242795
1735208676.0281885,96,-1562809.7155322512,-4583869.591090949,4821684.685657487,0.03937761708574753,0.7947506762541467,0.3460091133433225,0.4970899896260356
1735208676.1115217,97,-1563061.3967823363,-4584251.234941609,4821241.652696666,0.03936730203684494,0.7947478344846672,0.34597877097024543,0.4971164665239291
1735208676.1948552,98,-1563313.0787524881,-4584632.879884163,4820798.618468316,0.03935698695843073,0.7947449927070572,0.345948428510358,0.4971429434975737
1735208676.2781885,99,-1563564.7462712517,-4585014.483467742,4820355.543051168,0.03934104464435011,0.7947393259925767,0.3459183103081516,0.4971742204416526
1735208676.3615217,100,-1563816.3869275823,-4585396.008277277,4819912.384577179,0.03931409377352815,0.794728132869379,0.3458886306489447,0.49721488766309035
1735208676.4448552,101,-1564068.0283038632,-4585777.534178364,4819469.224835303,0.039287142825599065,0.7947169397141576,0.34585895090482355,0.4972555550008781
1735208676.5281885,102,-1564319.6552222443,-4586159.018710758,4819026.02391665,0.039258722133401786,0.7947059137723241,0.3458342656837402,0.4972925919805172
1735208676.6115217,103,-1564571.2552652261,-4586540.424449424,4818582.73996397,0.03922742604587516,0.7946952148855474,0.34581935102681816,0.4973225271582042
1735208676.6948552,104,-1564822.856028042,-4586921.831279302,4818139.454743044,0.03919612986880962,0.794684515968161,0.34580443632722485,0.4973524624215366
1735208676.7781885,105,-1565074.44232643,-4587303.196730744,4817696.128357402,0.039166516872077124,0.7946768989474824,0.3457822278129114,0.49738240673724715
1735208676.8615217,106,-1565326.0017364207,-4587684.483368734,4817252.718960623,0.03914019648728346,0.7946753109474266,0.34574575040590916,0.49741236892957225
1735208676.9448552,107,-1565577.5618661293,-4588065.771097596,4816809.30829524,0.039113876027186495,0.7946737229428275,0.3457092728945441,0.49744233120762
1735208677.0281885,108,-1565829.1075248958,-4588447.0174383,4816365.856477181,0.039091585715671284,0.7946736139806931,0.34567534155572305,0.49746784037454334
1735208677.1115217,109,-1566080.626282294,-4588828.184945866,4815922.321670842,0.0390771793920177,0.7946763984441155,0.3456463910619756,0.49748463813703575
1735208677.1948552,110,-1566332.145759294,-4589209.353543963,4815478.785595538,0.03906277302714726,0.7946791829155043,0.3456174404854,0.497501435947587
1735208677.2781885,111,-1566583.6507588276,-4589590.48074417,4815035.208379622,0.03904227642661013,0.7946798979557506,0.3455899328360993,0.4975210113062736
1735208677.3615217,112,-1566835.1288440018,-4589971.529091534,4814591.548198318,0.03900986548464391,0.7946765646062842,0.3455652478074605,0.49754602044572943
1735208677.4448552,113,-1567086.6076486614,-4590352.578529087,4814147.886747691,0.038977454449949156,0.794673231247281,0.34554056270819716,0.4975710296567371
1735208677.5281885,114,-1567338.0719693415,-4590733.586559033,4813704.184168501,0.038946132818197164,0.7946694356554067,0.3455121131132811,0.49759930008255804
1735208677.6115217,115,-1567589.5093626934,-4591114.515716461,4813260.398646793,0.03891694219199101,0.7946647357838131,0.3454762989389187,0.49763395052688963
1735208677.6948552,116,-1567840.9474754143,-4591495.445963738,4812816.611855404,0.03888775148226972,0.794660035898773,0.34544048466209104,0.49766860107035704
1735208677.7781885,117,-1568092.371097637,-4591876.334793686,4812372.783947514,0.038863636625360964,0.7946532734565154,0.345406102462429,0.49770514812638605
1735208677.8615217,118,-1568343.7677795524,-4592257.144731429,4811928.8731200015,0.03884945143989092,0.794642476030039,0.34537452161906385,0.49774540550293966
1735208677.9448552,119,-1568595.16518072,-4592637.95575868,4811484.961022449,0.0388352662138367,0.7946316785726709,0.34534294068534516,0.4977856629946707
1735208678.0281885,120,-1568846.5480848707,-4593018.72535888,4811041.007820464,0.03881698988743501,0.7946241512288552,0.34531040458054174,0.49782167659532467
1735208678.1115217,121,-1569097.9040357333,-4593399.416047191,4810596.971721765,0.03879071010719595,0.7946230211116458,0.34527599970833284,0.4978493881440385
1735208678.1948552,122,-1569349.2607057318,-4593780.107824667,4810152.934352668,0.03876443025176977,0.7946218909912032,0.3452415947376907,0.49787709977203587
1735208678.2781885,123,-1569600.6028722052,-4594160.758165391,4809708.855891195,0.03873825833165677,0.7946188265521819,0.34520799206939934,0.4979073280804333
1735208678.3615217,124,-1569851.9180724302,-4594541.329574573,4809264.6945558945,0.03871229741711758,0.7946119780207551,0.34517595874377516,0.4979424798980141
1735208678.4448552,125,-1570103.2339916741,-4594921.90207258,4808820.531949837,0.038686336428303554,0.7946051294697347,0.3451439253265028,0.4979776318161651
1735208678.5281885,126,-1570354.5354008744,-4595302.433124116,4808376.328263482,0.03866030232422496,0.794600675625777,0.34511558694521655,0.4980064032816711
1735208678.6115217,127,-1570605.8098308453,-4595682.885224434,4807932.041726228,0.038634125040258455,0.7946009064824768,0.3450944769427455,0.49802269293485396
1735208678.6948552,128,-1570857.084979719,-4596063.338413235,4807487.753917858,0.03860794768139807,0.7946011373398372,0.3450733668798781,0.49803898263464186
1735208678.7781885,129,-1571108.3456120417,-4596443.750145865,4807043.425041256,0.03858451458763484,0.7945975506178763,0.34504895359874854,0.49806343438704004
1735208678.8615217,130,-1571359.5792521774,-4596824.082907634,4806599.013336655,0.03856644992286973,0.7945864956089282,0.3450180781500483,0.49810385356402154
1735208678.9448552,131,-1571610.813611099,-4597204.4167575445,4806154.600360581,0.03854838520642115,0.7945754405683516,0.3449872026130127,0.49814427285664337
1735208679.0281885,132,-1571862.033446957,-4597584.709141578,4805710.146328352,0.038526315005412606,0.7945665248586216,0.3449559085044946,0.4981818735493325
1735208679.1115217,133,-1572113.2262776585,-4597964.922535093,4805265.609491056,0.03849640881807316,0.794561794236333,0.3449237953763969,0.4982139604723172
1735208679.1948552,134,-1572364.419827029,-4598345.137016408,4804821.0713819275,0.03846650254517135,0.7945570636005101,0.34489168215642274,0.4982460474871034
1735208679.2781885,135,-1572615.5988468227,-4598725.310022142,4804376.492228731,0.038440559494468514,0.7945501001819436,0.3448618609066704,0.4982797972567902
1735208679.3615217,136,-1572866.7508484898,-4599105.404017706,4803931.830293407,0.03842236948421384,0.7945387687686692,0.3448365232332222,0.49831680003512213
1735208679.4448552,137,-1573117.903568709,-4599485.49910073,4803487.167085893,0.03840417942191708,0.7945274373229754,0.34481118548728223,0.49835380291931997
1735208679.5281885,138,-1573369.041752848,-4599865.552698482,4803042.462846384,0.03837994208281318,0.7945169226221384,0.3447821412086864,0.4983925268222132
1735208679.6115217,139,-1573620.15290591,-4600245.527266439,4802597.675847668,0.03834387442104559,0.794508005646826,0.3447458457393622,0.498434617742084
1735208679.6948552,140,-1573871.2647774075,-4600625.502921514,4802152.887576404,0.03830780665608748,0.7944990886460019,0.3447095501661957,0.49847670878237793
1735208679.7781885,141,-1574122.362106312,-4601005.437081618,4801708.058285239,0.038276404774103566,0.7944908458442664,0.34467312493555846,0.4985174486880405
1735208679.8615217,142,-1574373.43239117,-4601385.292192282,4801263.146257824,0.03825413050559909,0.7944839219208562,0.3446364458542971,0.49855554561952303
1735208679.9448552,143,-1574624.5033943465,-4601765.148389721,4800818.232957505,0.03823185617336735,0.7944769979776363,0.34459976666809594,0.49859364266000183
1735208680.0281885,144,-1574875.559848429,-4602144.963082506,4800373.278649364,0.03820754087051162,0.7944704117790388,0.3445672059600065,0.4986285061828782
1735208680.1115217,145,-1575126.5892455182,-4602524.69870624,4799928.2416279055,0.03817923271468807,0.7944644862677637,0.34454270197988557,0.49865704422419577
1735208680.1948552,146,-1575377.6193608092,-4602904.435416408,4799483.203333186,0.03815092447787417,0.7944585607395356,0.3445181979296581,0.4986855823471614
1735208680.2781885,147,-1575628.6349204932,-4603284.130612223,4799038.124042749,0.03812530749572392,0.7944544302775359,0.3444920200013589,0.49871220726024496
1735208680.3615217,148,-1575879.6234102137,-4603663.746719348,4798592.962061979,0.03810495522691951,0.7944538114506161,0.34446256734671954,0.49873508954168544
1735208680.4448552,149,-1576130.6126180189,-4604043.363912564,4798147.798807588,0.03808460289988673,0.7944531926219257,0.3444331146078154,0.4987579718885927
1735208680.5281885,150,-1576381.5872637245,-4604422.939581761,4797702.594569556,0.03806267112983479,0.7944511768663681,0.34440379516537106,0.49878310355128497
1735208680.6115217,151,-1576632.5348265362,-4604802.436142686,4797257.307664111,0.03803764939893039,0.794446428314739,0.3443747363244732,0.4988126356536862
1735208680.6948552,152,-1576883.4831073154,-4605181.93378936,4796812.0194846885,0.03801262759643818,0.7944416797495242,0.34434567740043726,0.4988421678405796
1735208680.7781885,153,-1577134.4168194835,-4605561.389902323,4796366.69033374,0.03798709231110566,0.7944380757544904,0.3443135687735111,0.4988720158426166
1735208680.8615217,154,-1577385.3234357901,-4605940.766887379,4795921.278538379,0.03796055236491518,0.7944367108428879,0.3442754938838483,0.4989024818356234
1735208680.9448552,155,-1577636.230769947,-4606320.144957843,4795475.865468684,0.03793401234279324,0.7944353459273804,0.3442374188852523,0.49893294791579423
1735208681.0281885,156,-1577887.123528988,-4606699.481484913,4795030.411439567,0.03791272388608224,0.7944317207587608,0.3442080273849895,0.4989606192412038
1735208681.1115217,157,-1578137.989179214,-4607078.738864471,4794584.874789021,0.03790170886026216,0.794423673874292,0.34419562310354335,0.4989828233892466
1735208681.1948552,158,-1578388.8555471727,-4607457.997329094,4794139.336863783,0.03789069380292781,0.794415626966801,0.34418321878660824,0.4990050276008161
1735208681.2781885,159,-1578639.7073335242,-4607837.214240663,4793693.757991215,0.0378709445586715,0.7944086874863938,0.34416794254272637,0.4990281093698978
1735208681.3615217,160,-1578890.531998131,-4608216.35198515,4793248.096520172,0.03783410865931636,0.7944039144083263,0.3441470479104387,0.49905290801932856
1735208681.4448552,161,-1579141.3573803534,-4608595.49081436,4792802.433774081,0.03779727265457276,0.7943991413166027,0.3441261532183709,0.4990777067397089
1735208681.5281885,162,-1579392.1681744622,-4608974.588080834,4792356.730092778,0.03776643265793373,0.7943951950329905,0.34410035349431256,0.4991041125356233
1735208681.6115217,163,-1579642.9518338682,-4609353.606160618,4791910.943836008,0.037747322379582,0.7943928661982436,0.34406495799337655,0.4991336623744605
1735208681.6948552,164,-1579893.736210773,-4609732.625324783,4791465.156303833,0.03772821204655527,0.7943905373568336,0.3440295623911731,0.4991632122978405
1735208681.7781885,165,-1580144.50599307,-4610111.602916552,4791019.327848549,0.03770937601775583,0.7943870276494435,0.34399483580652945,0.4991941544560642
1735208681.8615217,166,-1580395.2486277316,-4610490.5013020625,4790573.416840776,0.037691076500327755,0.7943812078139385,0.34396141781544354,0.4992278203933322
1735208681.9448552,167,-1580645.9919797743,-4610869.40077161,4790127.50455724,0.0376727769305443,0.7943753879617829,0.34392799972874794,0.4992614864269193
1735208682.0281885,168,-1580896.7207307077,-4611248.258659092,4789681.551362719,0.0376491259509848,0.7943721099667894,0.34389305789342556,0.4992925555233047
1735208682.1115217,169,-1581147.4223210567,-4611627.037320727,4789235.515638731,0.03761500596513909,0.794373804546326,0.34385513497844705,0.4993185444485413
1735208682.1948552,170,-1581398.1246286693,-4612005.817066057,4788789.478638623,0.03758088588167522,0.7943754991307108,0.34381721195497017,0.49934453344813284
1735208682.2781885,171,-1581648.81232868,-4612384.555219663,4788343.40073964,0.03755067839970602,0.7943740139834151,0.34378102435943886,0.4993740853001405
1735208682.3615217,172,-1581899.472855175,-4612763.214127862,4787897.240334184,0.037528124905875426,0.7943663083716225,0.34374823155018386,0.4994106072664548
1735208682.4448552,173,-1582150.134098816,-4613141.874119413,4787451.07865225,0.03750557134751871,0.7943586027377839,0.34371543864710774,0.49944712933725943
1735208682.5281885,174,-1582400.7807283588,-4613520.492509582,4787004.876083567,0.03748568212990009,0.7943527068002318,0.34368494766432156,0.49947898485452025
1735208682.6115217,175,-1582651.4001714473,-4613899.031634777,4786558.591031429,0.037471005006420664,0.7943503511084173,0.34365895971924365,0.49950171144901645
1735208682.6948552,176,-1582902.0203315644,-4614277.571842981,4786112.304702459,0.03745632784094961,0.7943479954098631,0.34363297169981355,0.49952443810853403
1735208682.7781885,177,-1583152.6258710865,-4614656.070440143,4785665.977498867,0.037440291892088806,0.7943445450252067,0.3436092749108274,0.499547428533327
1735208682.8615217,178,-1583403.2042112155,-4615034.489752765,4785219.567834848,0.037421597688136174,0.794338953105029,0.34359006028520855,0.4995709350864169
1735208682.9448552,179,-1583653.7832682552,-4615412.910148054,4784773.156893639,0.03740290343069894,0.7943333611688527,0.3435708456046162,0.49959444170675965
1735208683.0281885,180,-1583904.347698212,-4615791.288922658,4784326.7050899295,0.037383241060092165,0.7943271100241478,0.3435471885693533,0.4996221194328246
1735208683.1115217,181,-1584154.8849158522,-4616169.588393183,4783880.170848806,0.037361684675748685,0.7943195692457783,0.3435148408971489,0.49965795717852973
1735208683.1948552,182,-1584405.422850286,-4616547.888946034,4783433.635330137,0.03734012822973184,0.7943120284458344,0.343482493132397,0.49969379502676764
1735208683.2781885,183,-1584655.9461511397,-4616926.147868542,4782987.058961106,0.03731911322412535,0.7943038008979227,0.343446788031876,0.4997329842262693
1735208683.3615217,184,-1584906.442226738,-4617304.327467414,4782540.4001777135,0.03729915731176508,0.7942942298303383,0.3434045148314061,0.499778729837832
1735208683.4448552,185,-1585156.9390190118,-4617682.508148266,4782093.740116418,0.03727920134231043,0.7942846587353707,0.3433622415099915,0.4998244755802741
1735208683.5281885,186,-1585407.42117122,-4618060.647189138,4781647.039216886,0.03725493793434924,0.7942770445305222,0.343323906638591,0.49986472035871515
1735208683.6115217,187,-1585657.8760852541,-4618438.706886845,4781200.255926016,0.03722224782029982,0.7942732585146401,0.34329327627686895,0.4998942039180509
1735208683.6948552,188,-1585908.3317158462,-4618816.767666189,4780753.471356886,0.037189557612723155,0.7942694724879261,0.3432626458275127,0.49992368756173977
1735208683.7781885,189,-1586158.7726998809,-4619194.78679591,4780306.645961662,0.0371557418838056,0.7942660740150584,0.34323280084995805,0.49995209412090197
1735208683.8615217,190,-1586409.1864328114,-4619572.726562928,4779859.738198155,0.037119724126948576,0.7942634336883114,0.34320449231077943,0.499978393756515
1735208683.9448552,191,-1586659.6008821821,-4619950.667411243,4779412.829156033,0.037083706267043826,0.7942607933540103,0.34317618369060926,0.500004693467372
1735208684.0281885,192,-1586910.0006785053,-4620328.56660029,4778965.87929996,0.037052832896335694,0.7942546846459816,0.34315182132006805,0.5000334081051697
1735208684.1115217,193,-1587160.3732107964,-4620706.386407101,4778518.847098665,0.037032023431455334,0.7942417907819433,0.3431351787956655,0.5000668471850791
1735208684.1948552,194,-1587410.74645941,-4621084.207294864,4778071.813618399,0.037011213907038557,0.7942288968810155,0.3431185362236483,0.5001002863606586
1735208684.2781885,195,-1587661.1050484928,-4621461.986513731,4777624.739336318,0.0369848556380491,0.7942180103239159,0.3430962066575394,0.5001348438110245
1735208684.3615217,196,-1587911.4363606304,-4621839.686330853,4777177.58273206,0.0369476423048412,0.7942110506392193,0.34306275159452676,0.5001715891171669
1735208684.4448552,197,-1588161.7683889724,-4622217.387228585,4776730.4248484755,0.036910428865165,0.7942040909346108,0.34302929643579827,0.5002083345284386
1735208684.5281885,198,-1588412.0857512935,-4622595.046447782,4776283.226175231,0.036875875849528575,0.7941953536144517,0.34300051625589656,0.5002444937877938
1735208684.6115217,199,-1588662.375823742,-4622972.626245708,4775835.945202891,0.03684652718378667,0.7941831387256628,0.34298088149821293,0.500279506570289
1735208684.6948552,200,-1588912.6666122768,-4623350.207123901,4775388.662950869,0.03681717843407748,0.7941709238019269,0.3429612466843538,0.5003145194529567
1735208684.7781885,201,-1589162.9427283108,-4623727.746313936,4774941.339921327,0.036788967516916085,0.7941596446211022,0.34293658017927375,0.5003514059718656
1735208684.8615217,202,-1589413.1915415653,-4624105.206063204,4774493.934615747,0.036762982364741716,0.7941501959554378,0.3429020701223139,0.5003919580606339
1735208684.9448552,203,-1589663.441070788,-4624482.666892394,4774046.528030128,0.036736997138223156,0.7941407472627405,0.3428675599666199,0.5004325102654228
1735208685.0281885,204,-1589913.6759210213,-4624860.086023797,4773599.080679154,0.03671329936061083,0.7941340906160717,0.34283587734714055,0.5004665219772556
1735208685.1115217,205,-1590163.8834555498,-4625237.425694919,4773151.551075238,0.03669407634860104,0.7941328959653394,0.34280972601238885,0.5004877388218969
1735208685.1948552,206,-1590414.0917059283,-4625614.76644562,4772704.020190927,0.03667485328159372,0.7941317013111893,0.34278357460281755,0.5005089557272401
1735208685.2781885,207,-1590664.2852708388,-4625992.065488915,4772256.4485534085,0.03665446079363662,0.7941276040998757,0.3427605728204697,0.5005327033114175
1735208685.3615217,208,-1590914.4515071395,-4626369.285052444,4771808.794686018,0.03663178047279512,0.7941178286413423,0.34274373247271755,0.5005614017534096
1735208685.4448552,209,-1591164.618459172,-4626746.505695206,4771361.1395378765,0.03660910008706463,0.794108053154841,0.3427268920767848,0.5005901002775087
1735208685.5281885,210,-1591414.7707192532,-4627123.684620943,4770913.443648691,0.03658657433973335,0.7940960983905816,0.34270964522999253,0.5006225182430748
1735208685.6115217,211,-1591664.8956378098,-4627500.7840474155,4770465.665552736,0.03656435098285358,0.7940798802745908,0.34269160315361585,0.5006622126715441
1735208685.6948552,212,-1591915.0212719804,-4627877.88455278,4770017.886175677,0.03654212756239221,0.7940636621121994,0.3426735610256203,0.5007019072135803
1735208685.7781885,213,-1592165.132207715,-4628254.943331496,4769570.066069744,0.03651487963518347,0.794052260803916,0.3426529023270319,0.5007361150032729
1735208685.8615217,214,-1592415.2157890094,-4628631.922591454,4769122.163780153,0.03647780219651267,0.7940502825633721,0.34262712475929885,0.5007595893421003
1735208685.9448552,215,-1592665.300085799,-4629008.90292996,4768674.260209102,0.03644072465176237,0.7940483043171683,0.34260134711781554,0.5007830637480885
1735208686.0281885,216,-1592915.3696776847,-4629385.841532222,4768226.315921322,0.036413275257356395,0.7940441651539574,0.3425746270967697,0.5008099042242585
1735208686.1115217,217,-1593165.411902245,-4629762.70059628,4767778.289472949,0.03640466109964967,0.79403579860159,0.342546063364713,0.5008433298377487
1735208686.1948552,218,-1593415.454842182,-4630139.560738543,4767330.2617427595,0.03639604691729762,0.7940274320252857,0.34251749955093475,0.5008767555468705
1735208686.2781885,219,-1593665.4830707235,-4630516.379134931,4766882.193308037,0.03638394111077307,0.7940176685561295,0.34249354019208317,0.500909497039119
1735208686.3615217,220,-1593915.483919008,-4630893.117973604,4766434.042735887,0.03636500463021489,0.7940051723140819,0.3424785883176995,0.5009409001925355
1735208686.4448552,221,-1594165.485482551,-4631269.857890137,4765985.890881565,0.036346068095478946,0.7939926760362821,0.3424636364005382,0.500972303435797
1735208686.5281885,222,-1594415.4723282328,-4631646.556051208,4765537.6983348625,0.03632292160110349,0.793983957042381,0.34244742608713136,0.5009988824590151
1735208686.6115217,223,-1594665.4317807774,-4632023.174635132,4765089.423673808,0.0362915391031769,0.7939826274373272,0.34242875390335714,0.5010160240895859
1735208686.6948552,224,-1594915.3919484627,-4632399.794296572,4764641.147730227,0.03626015651546418,0.7939812978284693,0.34241008166616127,0.5010331657691993
1735208686.7781885,225,-1595165.3373918042,-4632776.372192937,4764192.831106451,0.03622995456838877,0.793978877331636,0.3423870968487896,0.501054893397908
1735208686.8615217,226,-1595415.2554290965,-4633152.870492677,4763744.432391469,0.036202062119909936,0.7939743227352581,0.3423556752739238,0.5010855925641431
1735208686.9448552,227,-1595665.1741814108,-4633529.369869589,4763296.032393607,0.0361741695916301,0.7939697681258494,0.3423242536091601,0.5011162918182093
1735208687.0281885,228,-1595915.0782029112,-4633905.827471832,4762847.591727722,0.03614342261644825,0.7939639372141885,0.342295469548692,0.5011474117056518
1735208687.1115217,229,-1596164.9548054726,-4634282.205458012,4762399.06899375,0.036107091362191965,0.7939556094610302,0.34227184522852144,0.5011793546453476
1735208687.1948552,230,-1596414.8321229375,-4634658.584521021,4761950.544976544,0.03607076000399103,0.7939472816840458,0.34224822084076106,0.5012112976764328
1735208687.2781885,231,-1596664.694703112,-4635034.921799758,4761501.9803035,0.036033525060647706,0.7939394642679057,0.3422222331680046,0.5012441041534567
1735208687.3615217,232,-1596914.529851445,-4635411.179442978,4761053.333585513,0.03599452224032037,0.7939326452184403,0.34219162209467635,0.5012785999590218
1735208687.4448552,233,-1597164.3657145628,-4635787.43816268,4760604.685583936,0.03595551930840495,0.7939258261494654,0.34216101093376905,0.5013130958632802
1735208687.5281885,234,-1597414.1868339172,-4636163.655088518,4760155.996938711,0.035920540138407,0.7939185667202967,0.3421337165199559,0.5013457313725037
1735208687.6115217,235,-1597663.9805085354,-4636539.792359391,4759707.226271694,0.03589343239112632,0.7939104457811764,0.3421129104505353,0.5013747276045322
1735208687.6948552,236,-1597913.7748978196,-4636915.930706404,4759258.454320732,0.03586632456628968,0.793902324818822,0.34209210432158804,0.5014037239195196
1735208687.7781885,237,-1598163.5545368725,-4637292.027249969,4758809.641738304,0.03584203023860035,0.7938964544333,0.3420678370411569,0.5014313129691621
1735208687.8615217,238,-1598413.306718304,-4637668.0441191485,4758360.747157222,0.035823239772596716,0.7938949867809358,0.3420367986318384,0.5014561491634386
1735208687.9448552,239,-1598663.059614283,-4638044.062064123,4757911.851291841,0.03580444925283308,0.7938935191243727,0.3420057601337182,0.5014809854287722
1735208688.0281885,240,-1598912.7977535564,-4638420.038196056,4757462.914807193,0.035784623145250376,0.7938891650488186,0.34197633950467565,0.5015093571625199
1735208688.1115217,241,-1599162.5084223105,-4638795.934634162,4757013.896347062,0.03576277102348027,0.7938791642954449,0.34195008372132624,0.501544645433102
1735208688.1948552,242,-1599412.219805493,-4639171.832147718,4756564.876602276,0.03574091883919068,0.7938691635134588,0.34192382786285835,0.5015799338046447
1735208688.2781885,243,-1599661.9164255064,-4639547.687838657,4756115.816250411,0.035723162326164515,0.7938605144243479,0.34189436881438234,0.5016149694167884
1735208688.3615217,244,-1599911.5855621232,-4639923.463816362,4755666.673946207,0.03571341800730756,0.7938545095811117,0.34185864325370413,0.5016495107560187
1735208688.4448552,245,-1600161.25541305,-4640299.240869173,4755217.530356996,0.035703673660571866,0.7938485047206955,0.3418229175908141,0.5016840521940726
1735208688.5281885,246,-1600410.9104943366,-4640674.976089783,4754768.346172907,0.03569016293013564,0.7938429513427648,0.34178814927289125,0.5017174898513398
1735208688.6115217,247,-1600660.538079336,-4641050.631577737,4754319.080059664,0.03566928401030901,0.7938382811614276,0.3417552535984024,0.5017487683877672
1735208688.6948552,248,-1600910.1663785262,-4641426.288140451,4753869.81266106,0.03564840503074727,0.7938336109667288,0.3417223578297983,0.5017800470136833
1735208688.7781885,249,-1601159.7799016077,-4641801.902861384,4753420.504679782,0.035627892155855545,0.7938301501703754,0.34168948895734885,0.5018093634131023
1735208688.8615217,250,-1601409.3659155145,-4642177.437830243,4752971.114792532,0.03560809537062875,0.7938290552805141,0.3416566725174331,0.5018348413055542
1735208688.9448552,251,-1601658.9526434934,-4642552.973873518,4752521.723619566,0.03558829852876284,0.7938279603875202,0.3416238559836286,0.501860319270899
1735208689.0281885,252,-1601908.5245889034,-4642928.468065447,4752072.291876123,0.03556710087851221,0.7938253273250416,0.34159410320829053,0.5018862400851217
1735208689.1115217,253,-1602158.0690122677,-4643303.882485917,4751622.778249874,0.035543162731481365,0.7938196851524536,0.3415703438461421,0.5019130273823142
1735208689.1948552,254,-1602407.6141495851,-4643679.297980456,4751173.263337553,0.035519224515962865,0.7938140429637232,0.34154658441601754,0.501939814756146
1735208689.2781885,255,-1602657.1444978637,-4644054.67161407,4750723.707866973,0.035495325631186084,0.7938077428995269,0.34152202064164366,0.5019681827754872
1735208689.3615217,256,-1602906.647311207,-4644429.965456812,4750274.070536792,0.03547150355472347,0.7938001558092411,0.341495883204514,0.501999643144116
1735208689.4448552,257,-1603156.1508383842,-4644805.260373278,4749824.4319201885,0.03544768141010529,0.7937925686972485,0.34146974569260446,0.5020311036027537
1735208689.5281885,258,-1603405.6395700646,-4645180.513419259,4749374.752757527,0.03542222014375397,0.793785174918143,0.34144686902846483,0.5020601522413263
1735208689.6115217,259,-1603655.1007539434,-4645555.686654991,4748924.991758446,0.03539355214832043,0.7937781593115656,0.341430371378526,0.5020844828390159
1735208689.6948552,260,-1603904.562651537,-4645930.860964103,4748475.229472587,0.03536488407086701,0.7937711436849163,0.3414138736813869,0.502108813506316
1735208689.7781885,261,-1604154.0097471667,-4646305.99339316,4748025.4266528925,0.035335039254260105,0.7937641848981446,0.3413936034566765,0.5021356975127987
1735208689.8615217,262,-1604403.429282111,-4646681.045992575,4747575.542019996,0.03530289223538415,0.7937573372673317,0.34136595298559064,0.5021675767247133
1735208689.9448552,263,-1604652.8495306512,-4647056.099665023,4747125.656099968,0.03527074512453476,0.7937504896169273,0.34133830243539603,0.5021994560278352
1735208690.0281885,264,-1604902.254970771,-4647431.111447863,4746675.729658313,0.035238019612250364,0.7937429930340405,0.3413095970564726,0.502233111956222
1735208690.1115217,265,-1605151.6328373414,-4647806.043381688,4746225.72142665,0.035204162399697744,0.7937342269133763,0.3412788279729931,0.5022702436554278
1735208690.1948552,266,-1605401.0114173882,-4648180.976388204,4745775.711907501,0.035170305090278776,0.7937254607676321,0.3412480588014824,0.5023073754608685
1735208690.2781885,267,-1605650.3751825534,-4648555.86749555,4745325.661878952,0.035142292800700026,0.7937165064377526,0.34121525473841646,0.502345770909814
1735208690.3615217,268,-1605899.7113612958,-4648930.678734507,4744875.530083614,0.03512571486940562,0.7937071839162635,0.34117846966725235,0.5023866386184234
1735208690.4448552,269,-1606149.0482533956,-4649305.491045809,4744425.3970004385,0.03510913689068133,0.7936978613681024,0.34114168449084525,0.5024275064439563
1735208690.5281885,270,-1606398.370324153,-4649680.261448385,4743975.22342009,0.03509368931714105,0.7936888351108397,0.3411064329298969,0.5024667800650028
1735208690.6115217,271,-1606647.664795615,-4650054.951963201,4743524.968096185,0.03508045304999571,0.7936803884320123,0.3410741813580533,0.5025029351901495
1735208690.6948552,272,-1606896.959980315,-4650429.643550016,4743074.711484087,0.03506721674498108,0.7936719417290188,0.3410419296939371,0.5025390904187371
1735208690.7781885,273,-1607146.2403372196,-4650804.2932185605,4742624.414387035,0.03504955025181743,0.7936621855323993,0.34101131136796836,0.5025765085352818
1735208690.8615217,274,-1607395.4930819706,-4651178.862979997,4742174.035569638,0.03502321695640494,0.7936498675405808,0.34098388814287317,0.5026163974279548
1735208690.9448552,275,-1607644.7465398402,-4651553.433813086,4741723.6554636955,0.034996883585652214,0.7936375495135201,0.34095646483931946,0.5026562864347509
1735208691.0281885,276,-1607893.985163451,-4651927.962718348,4741273.234885041,0.034971517632496917,0.7936263562558464,0.34092764180911117,0.5026952754376651
1735208691.1115217,277,-1608143.1961620308,-4652302.411697128,4740822.7326093,0.03494804408031966,0.7936173633031633,0.3408960803556143,0.5027325039961791
1735208691.1948552,278,-1608392.4078736096,-4652676.861747216,4740372.22904466,0.03492457046098397,0.7936083703247513,0.34086451881181934,0.5027697326612051
1735208691.2781885,279,-1608641.6047444863,-4653051.26985995,4739921.685019522,0.03490119533497243,0.7935984696869481,0.340835954916568,0.5028063495130775
1735208691.3615217,280,-1608890.7739774927,-4653425.598026888,4739471.059320498,0.0348780127589822,0.7935867933547656,0.3408132551114186,0.5028417696900002
1735208691.4448552,281,-1609139.9439233788,-4653799.92726479,4739020.432332223,0.03485483011666604,0.7935751169891767,0.34079055524132446,0.5028771899682609
1735208691.5281885,282,-1609389.0990221002,-4654174.214555782,4738569.764895701,0.034834633036165456,0.7935659945693849,0.3407683209129875,0.5029080542428378
1735208691.6115217,283,-1609638.2264700755,-4654548.421881612,4738119.015808571,0.034820276447530614,0.7935618683402074,0.3407469971917996,0.5029300058559537
1735208691.6948552,284,-1609887.3546308107,-4654922.630278058,4737668.265431837,0.0348059198178212,0.7935577420992246,0.340725673409604,0.5029519575318737
1735208691.7781885,285,-1610136.4679379254,-4655296.796718055,4737217.474619101,0.03479212441814167,0.7935542275728175,0.34070255331385885,0.5029741195108314
1735208691.8615217,286,-1610385.5535814303,-4655670.88317355,4736766.60217902,0.034779426866219744,0.7935519097137868,0.3406759189903995,0.5029966930261627
1735208691.9448552,287,-1610634.6399375757,-4656044.970699315,4736315.728448981,0.034766729277969796,0.7935495918481246,0.34064928459073873,0.5030192666060773
1735208692.0281885,288,-1610883.7114336605,-4656419.0162591105,4735864.814295164,0.03474589483579407,0.7935449224196885,0.3406204584854343,0.5030475906555006
1735208692.1115217,289,-1611132.755253303,-4656792.981815105,4735413.818537223,0.03470914228504817,0.7935356526419871,0.34058734462150403,0.5030871644112809
1735208692.1948552,290,-1611381.7997854666,-4657166.948441025,4734962.821488972,0.03467238962915228,0.7935263828377646,0.3405542306628342,0.5031267382802825
1735208692.2781885,291,-1611630.8294511058,-4657540.873091428,4734511.784029211,0.034640460209519955,0.7935173893780467,0.340523451792406,0.5031639573284583
1735208692.3615217,292,-1611879.8314274242,-4657914.717718672,4734060.66498864,0.03461796622803654,0.7935089364761496,0.3404972408439869,0.5031965698881439
1735208692.4448552,293,-1612128.8341161436,-4658288.563415495,4733609.5446574055,0.034595472182197266,0.7935004835500684,0.34047102982057764,0.5032291825411348
1735208692.5281885,294,-1612377.8219319005,-4658662.36712729,4733158.383926891,0.0345767344570191,0.7934918407695979,0.34044748945493025,0.5032600260532205
1735208692.6115217,295,-1612626.7820455069,-4659036.090796642,4732707.141638797,0.03456534505458089,0.7934828265317703,0.34042917352087515,0.5032874087970177
1735208692.6948552,296,-1612875.7428713944,-4659409.815535228,4732255.8980596885,0.03455395561955731,0.7934738122681526,0.34041085753441774,0.5033147916191575
1735208692.7781885,297,-1613124.6888178645,-4659783.498279248,4731804.6140935635,0.034537280395712404,0.7934636504565299,0.34039235483266517,0.5033444687997283
1735208692.8615217,298,-1613373.607049322,-4660157.100961494,4731353.248593167,0.03451026457780639,0.7934512436589609,0.34037348675932794,0.5033786345616279
1735208692.9448552,299,-1613622.5259929409,-4660530.7047126265,4730901.881801403,0.03448324868260742,0.7934388368258959,0.34035461863200867,0.5034128004212768
1735208693.0281885,300,-1613871.4300506995,-4660904.266459682,4730450.474634869,0.03445798424319976,0.7934293242096642,0.34033388334782955,0.5034435431630847
1735208693.1115217,301,-1614120.3063806077,-4661277.748125675,4729998.985957331,0.03443614600621279,0.7934254734484297,0.3403094952596948,0.5034675894884784
1735208693.1948552,302,-1614369.1834225575,-4661651.230860208,4729547.495988072,0.03441430770674605,0.7934216226761783,0.34028510710178506,0.503491635882669
1735208693.2781885,303,-1614618.0455721994,-4662024.671581143,4729095.965656308,0.03439122738718981,0.7934157700576167,0.34025999727624173,0.5035194049337792
1735208693.3615217,304,-1614866.8799811427,-4662398.03220171,4728644.353836844,0.03436571719521625,0.7934060012276666,0.34023347552377414,0.503554456712109
1735208693.4448552,305,-1615115.7151020076,-4662771.393890473,4728192.740725306,0.034340206930257376,0.7933962323697678,0.3402069536954272,0.5035895085907227
1735208693.5281885,306,-1615364.5353241174,-4663144.713556117,4727741.087263527,0.034316663587493884,0.7933877544979928,0.34018287222962595,0.5036207400707897
1735208693.6115217,307,-1615613.327792682,-4663517.953102098,4727289.352337352,0.03429696797012553,0.7933818021134432,0.3401635646696887,0.5036444979435426
1735208693.6948552,308,-1615862.120973048,-4663891.193715927,4726837.616118752,0.03427727229640753,0.7933758497118637,0.34014425705451207,0.5036682558842673
1735208693.7781885,309,-1616110.8992482198,-4664264.392297134,4726385.839562168,0.034257595081634874,0.7933710112635264,0.3401208069640377,0.5036930518062696
1735208693.8615217,310,-1616359.6497570144,-4664637.510739407,4725933.981564476,0.03423795386765702,0.7933683519963027,0.340089252886808,0.5037198784525582
1735208693.9448552,311,-1616608.4009774902,-4665010.63024918,4725482.122274007,0.03421831259748514,0.7933656927214708,0.3400576987193013,0.5037467051755985
1735208694.0281885,312,-1616857.137286325,-4665383.707716815,4725030.222657833,0.034198803541109275,0.7933608678320162,0.3400251819350754,0.5037775779563155
1735208694.1115217,313,-1617105.8458159354,-4665756.705026222,4724578.241623883,0.03417955302319115,0.7933518063597,0.3399907818177815,0.5038163661451442
1735208694.1948552,314,-1617354.5550571072,-4666129.703402785,4724126.259296804,0.0341603024501968,0.7933427448614587,0.33995638160206787,0.503855154444947
1735208694.2781885,315,-1617603.249380202,-4666502.659727712,4723674.236656279,0.03414220194607954,0.7933365060110222,0.3399254481526096,0.5038870775431393
1735208694.3615217,316,-1617851.915911247,-4666875.5358751565,4723222.132621274,0.03412635120126447,0.7933357890246067,0.33990129650716544,0.503905570540312
1735208694.4448552,317,-1618100.5831537335,-4667248.4130894095,4722770.027292788,0.03411050041110002,0.7933350720361398,0.3398771447926228,0.5039240635903938
1735208694.5281885,318,-1618349.2354716973,-4667621.248242519,4722317.881663144,0.03409569057443578,0.7933339301821184,0.3398531510752504,0.5039430461835734
1735208694.6115217,319,-1618597.8599847667,-4667994.003198862,4721865.654662365,0.034082917054895134,0.7933319571642902,0.33982946631082117,0.5039629865680161
1735208694.6948552,320,-1618846.4852091572,-4668366.759221667,4721413.426367753,0.034070143498809116,0.793329984140817,0.3398057814786293,0.5039829270095085
1735208694.7781885,321,-1619095.0955025915,-4668739.473173838,4720961.15778425,0.03404930288801898,0.793326091447338,0.33978069397975463,0.5040073755871415
1735208694.8615217,322,-1619343.6779783096,-4669112.106909998,4720508.807852921,0.03401268071568017,0.793318443313577,0.339752862326971,0.5040406434933409
1735208694.9448552,323,-1619592.2611652284,-4669484.741712272,4720056.456627408,0.03397605843856439,0.7933107951579346,0.3397250305945602,0.5040739114947206
1735208695.0281885,324,-1619840.8294147511,-4669857.334434413,4719604.065125291,0.033943307210994055,0.7933045447616285,0.3396983050837717,0.5041039684879436
1735208695.1115217,325,-1620089.369833724,-4670229.846921284,4719151.592298698,0.03391812866993807,0.793301028743674,0.339673743506356,0.5041277440075604
1735208695.1948552,326,-1620337.910963778,-4670602.3604739215,4718699.118177568,0.03389295005684564,0.7932975127156601,0.33964918185866905,0.5041515195951997
1735208695.2781885,327,-1620586.437149996,-4670974.831936931,4718246.603792121,0.03386889890155624,0.7932925520326874,0.3396215344401982,0.5041795664464774
1735208695.3615217,328,-1620834.9354928327,-4671347.223145417,4717794.008105548,0.03384705323859541,0.7932847651674891,0.33958785022493954,0.5042159692567272
1735208695.4448552,329,-1621083.4345466294,-4671719.615419323,4717341.411124086,0.03382520751313357,0.7932769782800125,0.3395541659133095,0.5042523721711263
1735208695.5281885,330,-1621331.9186501596,-4672091.965594119,4716888.7738905875,0.03380530096222933,0.7932720269102601,0.3395184799217031,0.5042855267082065
1735208695.6115217,331,-1621580.374897492,-4672464.235495162,4716436.0553792985,0.03378918787483308,0.7932726225889437,0.33947887787712755,0.5043123266843471
1735208695.6948552,332,-1621828.8318556638,-4672836.506461279,4715983.33557277,0.033773074741336874,0.7932732182693316,0.3394392757192496,0.5043391267371631
1735208695.7781885,333,-1622077.2738571304,-4673208.735318794,4715530.575526503,0.03375303217319932,0.7932695458458081,0.3394035962244319,0.5043702572336188
1735208695.8615217,334,-1622325.6879895676,-4673580.88388331,4715077.734225818,0.03372530240527002,0.7932575237810573,0.3393755903703995,0.5044098594791567
1735208695.9448552,335,-1622574.1028327239,-4673953.033512552,4714624.891629542,0.03369757255800513,0.7932455016819111,0.33934758443624163,0.5044494618379978
1735208696.0281885,336,-1622822.502712747,-4674325.141023718,4714172.008805811,0.033669224588669805,0.7932354823598537,0.33931833047535565,0.5044867894667462
1735208696.1115217,337,-1623070.8747109296,-4674697.168222667,4713719.044751006,0.033639667238748984,0.7932293809812169,0.33928663485681154,0.5045196672877817
1735208696.1948552,338,-1623319.2474197107,-4675069.196485996,4713266.079400259,0.03361010980426382,0.7932232795851238,0.3392549391475854,0.5045525452028816
1735208696.2781885,339,-1623567.6051589237,-4675441.182621767,4712813.0738343615,0.033579986082537976,0.7932188855012203,0.3392223285057591,0.5045833860403208
1735208696.3615217,340,-1623815.9350034713,-4675813.088426093,4712359.98706077,0.03354875437390285,0.793217831379155,0.33918792781398793,0.5046102419492395
1735208696.4448552,341,-1624064.265558497,-4676184.995294452,4711906.898990887,0.033517522575913006,0.7932167772540738,0.3391535270237955,0.5046370979349937
1735208696.5281885,342,-1624312.5811375221,-4676556.860025774,4711453.7707181545,0.03348924164143022,0.7932140288686816,0.33911991666640395,0.5046658843737452
1735208696.6115217,343,-1624560.8688090632,-4676928.64440643,4711000.561261109,0.033466733273844355,0.7932079660146482,0.3390878524314341,0.5046984474866952
1735208696.6948552,344,-1624809.1571909615,-4677300.429850771,4710547.35050742,0.03344422484186148,0.7932019031432688,0.3390557881047276,0.5047310106928092
1735208696.7781885,345,-1625057.4305904338,-4677672.17314861,4710094.099563177,0.033417999552400816,0.7931967758056597,0.33902250814390283,0.504763160383168
1735208696.8615217,346,-1625305.6760696156,-4678043.836076586,4709640.767457989,0.03338450288971226,0.7931934786085035,0.3389868498720102,0.5047945012994757
1735208696.9448552,347,-1625553.9222590341,-4678415.500067899,4709187.434055807,0.03335100613118888,0.793190181401914,0.3389511914980984,0.5048258423054505
1735208697.0281885,348,-1625802.1534595916,-4678787.12190323,4708734.0604753895,0.03331948172683268,0.7931869212673085,0.33892178196696227,0.5048527948900721
1735208697.1115217,349,-1626050.356727034,-4679158.663349474,4708280.605757438,0.033291815629677854,0.7931837336377614,0.3389045967783804,0.5048711626298645
1735208697.1948552,350,-1626298.5607045924,-4679530.205858707,4707827.14974214,0.03326414945336961,0.7931805459990946,0.3388874115406313,0.5048895304222075
1735208697.2781885,351,-1626546.7496868733,-4679901.706202513,4707373.653560899,0.03323857674374953,0.7931741659043546,0.3388670253059251,0.5049149197060718
1735208697.3615217,352,-1626794.9107232508,-4680273.126138069,4706920.07626548,0.03321709930505217,0.7931615404252036,0.33884037690002616,0.5049540451590844
1735208697.4448552,353,-1627043.0724696233,-4680644.547136268,4706466.497672366,0.0331956218049073,0.7931489149099307,0.33881372841788543,0.5049931707240359
1735208697.5281885,354,-1627291.2192142787,-4681015.925959553,4706012.878925642,0.03317022064105865,0.7931373688219162,0.3387906970286909,0.505028427183088
1735208697.6115217,355,-1627539.3380001967,-4681387.224355355,4705559.179088187,0.03313714353701547,0.7931279343348656,0.33877474156934256,0.50505611477197
1735208697.6948552,356,-1627787.4574959888,-4681758.523813452,4705105.477952686,0.03310406633833784,0.7931184998208226,0.3387587860643452,0.5050838024400669
1735208697.7781885,357,-1628035.5619836503,-4682129.7810871955,4704651.736675872,0.033075212922707424,0.7931093583721424,0.3387357431487746,0.5051155008350124
1735208697.8615217,358,-1628283.6384997913,-4682500.9579143105,4704197.914331698,0.03305462226208833,0.7931007901911908,0.3386988351208436,0.5051550455255801
1735208697.9448552,359,-1628531.7157256852,-4682872.135803372,4703744.0906891255,0.03303403154255882,0.7930922219857255,0.33866192698731784,0.5051945903292862
1735208698.0281885,360,-1628779.7779370209,-4683243.271498617,4703290.226917568,0.03301360627379286,0.7930850658245187,0.33862517909039025,0.5052317940492365
1735208698.1115217,361,-1629027.812164024,-4683614.326728039,4702836.282102078,0.032993504559283196,0.7930806719819491,0.33858874445597664,0.5052644181542131
1735208698.1948552,362,-1629275.8471006593,-4683985.383019061,4702382.33598784,0.03297340278726201,0.7930762781268086,0.33855230971732264,0.5052970423525281
1735208698.2781885,363,-1629523.8670163106,-4684356.39710681,4701928.349756943,0.032951647597692625,0.7930730154708986,0.33851620657973575,0.5053277714344195
1735208698.3615217,364,-1629771.8589348225,-4684727.330709555,4701474.282505545,0.032926657733118675,0.7930719657429618,0.3384807519457312,0.5053547933035704
1735208698.4448552,365,-1630019.8515628455,-4685098.265373551,4701020.213955048,0.032901667797048076,0.7930709160120217,0.33844529721029,0.5053818152500316
1735208698.5281885,366,-1630267.829163468,-4685469.157824832,4700566.105300209,0.03287795923844889,0.7930669645640072,0.3384117283033247,0.505412039003383
1735208698.6115217,367,-1630515.7787541617,-4685839.96977196,4700111.915648276,0.032856757284582205,0.7930573365130398,0.33838184842334745,0.5054485265674467
1735208698.6948552,368,-1630763.7290542456,-4686210.78277999,4699657.724696895,0.03283555527005618,0.7930477084345264,0.33835196845788307,0.5054850142359021
1735208698.7781885,369,-1631011.664320504,-4686581.553565852,4699203.493653508,0.03281296800195248,0.7930387157284425,0.3383214227732697,0.505521034899756
1735208698.8615217,370,-1631259.5715640278,-4686952.243828388,4698749.181636477,0.03278767065890113,0.7930309659405398,0.3382895745823973,0.5055561421718844
1735208698.9448552,371,-1631507.4795168207,-4687322.935151477,4698294.868319647,0.03276237324347343,0.7930232161304647,0.3382577263004064,0.5055912495444556
1735208699.0281885,372,-1631755.3724293744,-4687693.584242966,4697840.514923137,0.03273663211823858,0.7930152016810964,0.33822943698126917,0.5056244148481586
1735208699.1115217,373,-1632003.2373064088,-4688064.152791992,4697386.080576406,0.0327100228268176,0.793006669477425,0.3382081098436168,0.5056537811004708
1735208699.1948552,374,-1632251.1028925912,-4688434.722401224,4696931.644929527,0.03268341345926675,0.7929981372493429,0.3381867826449469,0.5056831474368005
1735208699.2781885,375,-1632498.9534321104,-4688805.249769406,4696477.169215309,0.032658144002703775,0.7929911769591741,0.33816363435344576,0.5057111760647848
1735208699.3615217,376,-1632746.7759233064,-4689175.69657596,4696022.612574335,0.03263549565028138,0.7929872917860359,0.3381369233587763,0.5057365879130641
1735208699.4448552,377,-1632994.599123529,-4689546.144442371,4695568.054632861,0.032612847233061466,0.7929834066017821,0.338110212287686,0.5057619998340473
1735208699.5281885,378,-1633242.4072706774,-4689916.550058306,4695113.456636379,0.03259127784285292,0.7929797909909844,0.33808521433398603,0.5057857712363345
1735208699.6115217,379,-1633490.187356724,-4690286.875093488,4694658.777736573,0.0325718192145113,0.7929767027220169,0.3380635675834222,0.5058063334522381
1735208699.6948552,380,-1633737.9681516758,-4690657.20118818,4694204.0975359185,0.03255236053049804,0.7929736144442139,0.33804192077092643,0.5058268957269707
1735208699.7781885,381,-1633985.7338871346,-4691027.4850229565,4693749.3772926,0.03253279667761309,0.7929680710792075,0.33801717958409716,0.5058533770657828
1735208699.8615217,382,-1634233.471548697,-4691397.688257838,4693294.5761694275,0.03251302697511573,0.792957724836925,0.33798638478576526,0.5058914379193924
1735208699.9448552,383,-1634481.2099190434,-4691767.892551879,4692839.773745056,0.032493257216056746,0.7929473785650414,0.33795558989932856,0.505929498881895
1735208700.0281885,384,-1634728.9332234808,-4692138.054576577,4692384.93129037,0.03247493580812177,0.792938230508831,0.33792859276509823,0.5059630482365453
1735208700.1115217,385,-1634976.628441233,-4692508.135982246,4691930.007979303,0.03245944768284964,0.7929314264508056,0.33790902495922276,0.5059877717955897
1735208700.1948552,386,-1635224.3243676473,-4692878.218446729,4691475.083366688,0.03244395951326559,0.7929246223733135,0.3378894570973633,0.5060124954253689
1735208700.2781885,387,-1635472.0052217436,-4693248.258632447,4691020.118736098,0.032428929397398776,0.7929191031689107,0.33786448204308195,0.5060387831383542
1735208700.3615217,388,-1635719.657976379,-4693618.218180025,4690565.073272579,0.032414795280275036,0.7929160975094645,0.33782892884844157,0.506068130788425
1735208700.4448552,389,-1635967.311439555,-4693988.178786068,4690110.026507165,0.032400661122713226,0.792913091841419,0.33779337555208255,0.5060974785224605
1735208700.5281885,390,-1636214.9498239965,-4694358.097103917,4689654.9397361325,0.03238198126872087,0.7929088017091106,0.33775681906730676,0.506129792903532
1735208700.6115217,391,-1636462.5600961868,-4694727.934764499,4689199.772155664,0.03235440863987854,0.792901998776723,0.33771829985711554,0.5061679110677069
1735208700.6948552,392,-1636710.1710767967,-4695097.773483196,4688744.60327295,0.0323268359321502,0.7928951958248719,0.3376797805367199,0.5062060293409388
1735208700.7781885,393,-1636957.7669722657,-4695467.569904286,4688289.394396964,0.03230215612311907,0.7928872447488642,0.33764679608332193,0.5062420637778796
1735208700.8615217,394,-1637205.3347427133,-4695837.285649015,4687834.104735016,0.03228313550554713,0.7928770475721683,0.33762463921353336,0.5062740218422374
1735208700.9448552,395,-1637452.9032214587,-4696207.002451509,4687378.813770472,0.03226411483355671,0.792866850366298,0.33760248228035344,0.5063059799980278
1735208701.0281885,396,-1637700.4566086512,-4696576.676946977,4686923.482825016,0.0322420233718656,0.7928599407740554,0.33757644606151943,0.5063355676026823
1735208701.1115217,397,-1637947.9818580404,-4696946.270746973,4686468.071117091,0.03221392445172705,0.792859462646983,0.33754282071497665,0.5063605179031897
1735208701.1948552,398,-1638195.507815606,-4697315.865604387,4686012.658106221,0.032185825451196755,0.7928589845185426,0.3375091952722309,0.5063854682750805
1735208701.2781885,399,-1638443.0186752072,-4697685.418145358,4685557.205126806,0.032157898234969236,0.7928565091891918,0.3374787169517318,0.5064114325961272
1735208701.3615217,400,-1638690.5013842247,-4698054.8899717545,4685101.671408432,0.032130306921207226,0.792850126755073,0.33745439512353803,0.5064393806343599
1735208701.4448552,401,-1638937.9848012968,-4698424.362855219,4684646.136386763,0.03210271552850575,0.7928437443026941,0.33743007322575885,0.5064673287525526
1735208701.5281885,402,-1639185.453114003,-4698793.793412839,4684190.561408903,0.032078819355626766,0.7928367994874402,0.33740590310421553,0.5064958180183161
1735208701.6115217,403,-1639432.8932633635,-4699163.143236807,4683734.905715565,0.03206215194606196,0.7928287544921808,0.3373820297647178,0.5065253660815227
1735208701.6948552,404,-1639680.3341206566,-4699532.494117494,4683279.248718584,0.03204548448881127,0.7928207094739044,0.33735815635691785,0.506554914229267
1735208701.7781885,405,-1639927.7598671722,-4699901.802662923,4682823.5517777875,0.03202568854207511,0.7928123266936442,0.3373319516654949,0.5065867364888857
1735208701.8615217,406,-1640175.1574375613,-4700271.030455605,4682367.774145041,0.031999772272610486,0.7928032831083163,0.3373011861760392,0.5066230077338377
1735208701.9448552,407,-1640422.5557157616,-4700640.259304658,4681911.995208303,0.03197385592899874,0.7927942394971145,0.33727042059856266,0.5066592790825628
1735208702.0281885,408,-1640669.9388767837,-4701009.445809056,4681456.17634011,0.031948272570985835,0.7927839198484452,0.3372438595200418,0.5066947221801343
1735208702.1115217,409,-1640917.2938489204,-4701378.5515416395,4681000.276803465,0.03192334048397052,0.7927711038511494,0.3372255234842152,0.5067285451821284
1735208702.1948552,410,-1641164.6495287458,-4701747.658330244,4680544.37596248,0.03189840832562386,0.7927582878171866,0.33720718739592864,0.506762368280891
1735208702.2781885,411,-1641411.9900849827,-4702116.722764785,4680088.435202424,0.0318761079015277,0.7927476898488741,0.3371857859571617,0.5067945915207095
1735208702.3615217,412,-1641659.3024395544,-4702485.706408422,4679632.413797469,0.03185895577054606,0.7927414309861744,0.33715838770446543,0.5068236851634457
1735208702.4448552,413,-1641906.6155016932,-4702854.69110773,4679176.391087823,0.031841803590491734,0.792735172105568,0.3371309893733821,0.5068527788894196
1735208702.5281885,414,-1642153.9134338493,-4703223.633443593,4678720.328471466,0.03182210668969176,0.7927298349603811,0.33710658294287266,0.5068785977109518
1735208702.6115217,415,-1642401.183151593,-4703592.49496951,4678264.1852337,0.03179743148379106,0.7927263009609885,0.3370880293810767,0.5068980100359174
1735208702.6948552,416,-1642648.4535767816,-4703961.35755075,4677808.040690897,0.03177275620729396,0.7927227669514851,0.33706947576619856,0.5069174224164222
1735208702.7781885,417,-1642895.7088655848,-4704330.177759146,4677351.856253766,0.03174568827962811,0.7927154679789828,0.3370506377734843,0.5069430569129216
1735208702.8615217,418,-1643142.9359272113,-4704698.9171385355,4676895.591218771,0.03171393949678938,0.7927008036311523,0.3370312433517047,0.506980863774898
1735208702.9448552,419,-1643390.1636961608,-4705067.657572897,4676439.32487839,0.03168219062311656,0.7926861392413665,0.3370118488744372,0.5070186707450409
1735208703.0281885,420,-1643637.3763223146,-4705436.355625014,4675983.01865608,0.03165685792987427,0.7926760670205512,0.33699133203181214,0.5070496399397064
1735208703.1115217,421,-1643884.560708513,-4705804.972829043,4675526.631859479,0.031644076961874296,0.7926749783271173,0.336968619409679,0.5070672326813009
1735208703.1948552,422,-1644131.7458019122,-4706173.591087694,4675070.243757144,0.03163129595730765,0.7926738896305686,0.33694590672256447,0.5070848254732288
1735208703.2781885,423,-1644378.9157461284,-4706542.166954732,4674613.815785243,0.031613883254986735,0.7926690692071887,0.33692406980319684,0.507107955102874
1735208703.3615217,424,-1644626.0574376544,-4706910.661954669,4674157.3072625585,0.031587409541949295,0.7926569484417145,0.33690394601148144,0.5071419164854842
1735208703.4448552,425,-1644873.1998362592,-4707279.15800888,4673700.797433792,0.03156093575316988,0.7926448276415624,0.33688382216219137,0.5071758779652589
1735208703.5281885,426,-1645120.3270792759,-4707647.611662082,4673244.24774786,0.031537665785577554,0.7926368696751133,0.336863080115065,0.5072035418031622
1735208703.6115217,427,-1645367.4260568332,-4708015.984429124,4672787.617534725,0.031520663269829365,0.7926370553464382,0.3368411285817037,0.507218885823882
1735208703.6948552,428,-1645614.525741347,-4708384.358250089,4672330.98601516,0.031503660705436545,0.7926372410182945,0.3368191769855385,0.5072342298885013
1735208703.7781885,429,-1645861.610263881,-4708752.689660674,4671874.314650811,0.031486151550595684,0.7926336126745891,0.33679683534645427,0.5072558211500976
1735208703.8615217,430,-1646108.6665082125,-4709120.9401660785,4671417.562782801,0.03146765126329125,0.7926225230153873,0.3367737305478513,0.5072896338200495
1735208703.9448552,431,-1646355.7234593781,-4709489.191725058,4670960.8096080115,0.03144915092305702,0.7926114333244577,0.3367506256831449,0.5073234465867404
1735208704.0281885,432,-1646602.7652421636,-4709857.400864272,4670504.016600844,0.03142888139214235,0.7926016701063412,0.33672346538605946,0.5073579830765463
1735208704.1115217,433,-1646849.7787339864,-4710225.529079264,4670047.143113598,0.03140515070948588,0.7925945017902759,0.33668837136206664,0.5073939355671411
1735208704.1948552,434,-1647096.792932521,-4710593.65834748,4669590.268319226,0.03138141995893532,0.7925873334537018,0.3366532772376689,0.5074298881605968
1735208704.2781885,435,-1647343.7919562848,-4710961.745186565,4669133.353704865,0.03136077964311281,0.7925807671963322,0.33662171106792627,0.507462364367191
1735208704.3615217,436,-1647590.7626763433,-4711329.75108242,4668676.358633986,0.031346184977809145,0.7925753787397423,0.33659704640050486,0.5074880399577746
1735208704.4448552,437,-1647837.7341029916,-4711697.758031149,4668219.362255631,0.03133159027074977,0.7925699902677358,0.3365723816625172,0.5075137156218166
1735208704.5281885,438,-1648084.690348475,-4712065.722541377,4667762.326069692,0.031312500407328206,0.7925642256541395,0.3365467883319698,0.5075408678794684
1735208704.6115217,439,-1648331.6182775067,-4712433.606089357,4667305.209450818,0.0312846166374567,0.7925577251687446,0.336519378268002,0.5075709089246031
1735208704.6948552,440,-1648578.5469130054,-4712801.490689861,4666848.09152412,0.03125673278780901,0.7925512246647515,0.3364919681256132,0.5076009500556861
1735208704.7781885,441,-1648825.4603609433,-4713169.332842491,4666390.933802248,0.031228829010762463,0.7925450286634168,0.33646406452143884,0.5076308390899588
1735208704.8615217,442,-1649072.3454796777,-4713537.094013852,4665933.695671036,0.031200886093900267,0.7925394283208876,0.33643519541000727,0.5076604307470604
1735208704.9448552,443,-1649319.2313047566,-4713904.856237388,4665476.456231654,0.031172943097092665,0.7925338279623357,0.33640632621598043,0.5076900224888244
1735208705.0281885,444,-1649566.101935889,-4714272.576003695,4665019.177009495,0.031151241574732057,0.7925268661748377,0.33638061953009923,0.5077192571719199
1735208705.1115217,445,-1649812.9442250868,-4714640.214769747,4664561.817401573,0.03114175002352835,0.7925172410075777,0.3363610994624082,0.5077477935107085
1735208705.1948552,446,-1650059.7872205065,-4715007.854587624,4664104.456485133,0.031132258445169064,0.7925076158127798,0.3363415793388698,0.5077763299311403
1735208705.2781885,447,-1650306.615015586,-4715375.451938905,4663647.055798334,0.03111738533396671,0.7925001232807148,0.33631822376794257,0.5078044044498322
1735208705.3615217,448,-1650553.4144559817,-4715742.968270924,4663189.574749384,0.03109198433635278,0.7924968027993371,0.3362873648443791,0.5078315755149678
1735208705.4448552,449,-1650800.2146024772,-4716110.485654417,4662732.092391568,0.03106658326606594,0.7924934823084593,0.3362565058325274,0.5078587466578406
1735208705.5281885,450,-1651046.9995422473,-4716477.960561963,4662274.570275802,0.031042205300703063,0.792488857386152,0.33623031008147286,0.5078847996533279
1735208705.6115217,451,-1651293.756114603,-4716845.354431267,4661816.967821476,0.03101982868203839,0.792481680600456,0.33621323684331494,0.5079086653815058
1735208705.6948552,452,-1651540.5133929355,-4717212.749351695,4661359.364057939,0.030997451999353637,0.792474503794227,0.33619616355631005,0.5079325311779642
1735208705.7781885,453,-1651787.2554581538,-4717580.101786821,4660901.720548868,0.0309748108956177,0.7924691523557001,0.3361707732047904,0.5079590652220011
1735208705.8615217,454,-1652033.9691432198,-4717947.373164722,4660443.996724854,0.030951652382656833,0.7924673718236881,0.33612911217622404,0.5079908192628939
1735208705.9448552,455,-1652280.6835341395,-4718314.6455933945,4659986.27159128,0.030928493803438865,0.7924655912865819,0.3360874510284645,0.508022573394636
1735208706.0281885,456,-1652527.382705557,-4718681.87552741,4659528.506724598,0.03090550312467193,0.7924615253083476,0.3360536182731352,0.5080526989770584
1735208706.1115217,457,-1652774.0534840836,-4719049.024385213,4659070.661566599,0.03088284077808565,0.7924529883369008,0.33603509988231334,0.508079638824154
1735208706.1948552,458,-1653020.7249683419,-4719416.174293438,4658612.8150986945,0.03086017836666181,0.7924444513410296,0.3360165814385099,0.5081065787483251
1735208706.2781885,459,-1653267.3812267168,-4719783.281697666,4658154.928910094,0.030833539619181075,0.7924339560331356,0.33599771521908056,0.5081370392684775
1735208706.3615217,460,-1653514.0090794784,-4720150.308006726,4657696.962453784,0.030799121882530985,0.7924196296532704,0.33597816854638674,0.5081743872424617
1735208706.4448552,461,-1653760.6376378487,-4720517.335365858,4657238.99468722,0.030764704047410864,0.7924053032324172,0.33595862181776937,0.5082117353232994
1735208706.5281885,462,-1654007.2509639475,-4720884.320211643,4656780.987212398,0.030737484357592482,0.7923930957328601,0.33593449430822786,0.5082483665561278
1735208706.6115217,463,-1654253.8358716953,-4721251.223943283,4656322.899493515,0.03072434612732272,0.7923850333754567,0.33590140535813506,0.5082835956361461
1735208706.6948552,464,-1654500.421484929,-4721618.128724644,4655864.810464031,0.030711207859464146,0.7923769709949867,0.3358683163133739,0.5083188248169558
1735208706.7781885,465,-1654746.9918595129,-4721984.990983325,4655406.681738708,0.030697970820319317,0.7923687594992301,0.33583663351617704,0.5083533585742196
1735208706.8615217,466,-1654993.5338030278,-4722351.772108913,4654948.472792939,0.030684540482463062,0.7923602562457595,0.33580770156036643,0.5083865320792553
1735208706.9448552,467,-1655240.0764519055,-4722718.554283872,4654490.262536223,0.03067111010618227,0.7923517529679608,0.3357787695217807,0.5084197056792014
1735208707.0281885,468,-1655486.6038557456,-4723085.293926805,4654032.012596115,0.030654039589041608,0.7923425654808552,0.3357515901089602,0.5084530031143099
1735208707.1115217,469,-1655733.1028157799,-4723451.952417677,4653573.68245923,0.030629847829355357,0.7923320394350435,0.3357278391766429,0.5084865429924513
1735208707.1948552,470,-1655979.6024810541,-4723818.611957568,4653115.35101105,0.03060565600045586,0.7923215133591166,0.33570408817637354,0.5085200829665513
1735208707.2781885,471,-1656226.0868949213,-4724185.228956116,4652656.9798918925,0.030582821944176147,0.7923128770884332,0.3356803930815875,0.5085505560646579
1735208707.3615217,472,-1656472.5428522823,-4724551.764783691,4652198.528599566,0.03056264394808127,0.7923079377639696,0.33565680722114744,0.5085750296548405
1735208707.4448552,473,-1656718.9995147602,-4724918.301659934,4651740.075995599,0.03054246589425663,0.7923029984253745,0.33563322129322765,0.5085995033150426
1735208707.5281885,474,-1656965.440919443,-4725284.795985491,4651281.583733108,0.03052436957852481,0.7922972888502402,0.3356118109057029,0.5086236136290533
1735208707.6115217,475,-1657211.853854882,-4725651.209121109,4650823.011321138,0.030510345631104968,0.7922900724422224,0.33559465637182456,0.5086470132698998
1735208707.6948552,476,-1657458.2674953148,-4726017.623305044,4650364.437597179,0.030496321643562252,0.7922828560135583,0.33557750178886664,0.5086704129776933
1735208707.7781885,477,-1657704.6658715724,-4726383.9949289635,4649905.824227143,0.030480325506759047,0.7922778715678029,0.3355563202236005,0.508693108282636
1735208707.8615217,478,-1657951.035765864,-4726750.285344005,4649447.130731295,0.030460471197638644,0.7922772534851803,0.3355272606212898,0.5087144257030258
1735208707.9448552,479,-1658197.4063650263,-4727116.576807013,4648988.4359231135,0.03044061683171455,0.7922766354007893,0.3354982009358388,0.5087357431844054
1735208708.0281885,480,-1658443.761693648,-4727482.8257006975,4648529.701481277,0.030420275702007445,0.7922760014971583,0.335469603087325,0.5087568065414813
1735208708.1115217,481,-1658690.0885276108,-4727848.993366609,4648070.886937256,0.030398982210561185,0.7922753366430632,0.33544190856266604,0.5087773728773008
1735208708.1948552,482,-1658936.416066321,-4728215.162080136,4647612.071080555,0.0303776886581937,0.7922746717870659,0.33541421395877236,0.5087979392719613
1735208708.2781885,483,-1659182.7283281013,-4728581.288215,4647153.215602674,0.03035263218835209,0.7922693643577529,0.3353871266297308,0.5088255536335533
1735208708.3615217,484,-1659429.012082482,-4728947.333103133,4646694.280046332,0.03032021424541988,0.7922549747097962,0.33536122715077193,0.508866955970152
1735208708.4448552,485,-1659675.2965414866,-4729313.37903853,4646235.343176965,0.0302877962097391,0.7922405850206705,0.33533532759771395,0.5089083584252038
1735208708.5281885,486,-1659921.5657171984,-4729679.3823859645,4645776.366698846,0.030260998850241066,0.7922288121469051,0.3353143115791169,0.5089421311900884
1735208708.6115217,487,-1660167.8063728218,-4730045.304467787,4645317.310165906,0.030245196976062656,0.7922221584396002,0.3353028490201112,0.5089609783080612
1735208708.6948552,488,-1660414.0477329458,-4730411.227596522,4644858.252319594,0.030229395056674678,0.7922155047132589,0.33529138642831086,0.508979825479956
1735208708.7781885,489,-1660660.2738033975,-4730777.108127972,4644399.154876997,0.03020504588443684,0.7922063102989432,0.3352736182782594,0.5090072825902886
1735208708.8615217,490,-1660906.4713410393,-4731142.907374885,4643939.977403291,0.030163975727369664,0.7921921455275521,0.33524351457006063,0.5090515833336182
1735208708.9448552,491,-1661152.6695830585,-4731508.707668358,4643480.798615865,0.030122905452799713,0.7921779807156353,0.3352134107757344,0.5090958842036934
1735208709.0281885,492,-1661398.852529037,-4731874.465355241,4643021.5802446045,0.0300876324285312,0.7921660220796932,0.3351803185241147,0.5091383688284108
1735208709.1115217,493,-1661645.0069295065,-4732240.141738695,4642562.281865912,0.030063700271154906,0.7921583792821737,0.3351413798179949,0.5091773006003375
1735208709.1948552,494,-1661891.1620342298,-4732605.819168359,4642102.982173154,0.030039768045308095,0.7921507364627879,0.33510244100047054,0.509216232483649
1735208709.2781885,495,-1662137.3018365407,-4732971.453982124,4641643.642909026,0.03001388896744784,0.7921434061720932,0.3350664785565677,0.509252828071952
1735208709.3615217,496,-1662383.413080635,-4733337.007473565,4641184.223661174,0.029984201150539312,0.7921366872350499,0.335036338541581,0.5092848534100238
1735208709.4448552,497,-1662629.52502886,-4733702.562010864,4640724.803098911,0.029954513248693172,0.7921299682787837,0.335006198440363,0.509316878839721
1735208709.5281885,498,-1662875.6216683001,-4734068.073922955,4640265.342977744,0.029925245048188456,0.7921230247809014,0.3349828088301811,0.5093447848788238
1735208709.6115217,499,-1663121.6897368166,-4734433.504493824,4639805.802896562,0.02989679773862185,0.7921156419771287,0.3349726249623927,0.5093646323788318
1735208709.6948552,500,-1663367.7585093402,-4734798.936110199,4639346.261500624,0.029868350347666762,0.7921082591522336,0.3349624410654681,0.5093844799356239
1735208709.7781885,501,-1663613.8119667147,-4735164.325092074,4638886.680558243,0.029838212157502726,0.7921006829047131,0.3349435768345991,0.5094104298705117
1735208709.8615217,502,-1663859.8368404729,-4735529.63271386,4638427.019679549,0.029804766116293686,0.792092728225325,0.3349077313052689,0.5094483179313826
1735208709.9448552,503,-1664105.8624181144,-4735894.9413808,4637967.3574857535,0.029771319979394667,0.7920847735231782,0.3348718856733838,0.5094862061006522
1735208710.0281885,504,-1664351.872674236,-4736260.207403936,4637507.65575799,0.029739109348923126,0.7920751483312903,0.33483901789190784,0.509524654803784
1735208710.1115217,505,-1664597.854334037,-4736625.392048095,4637047.874117642,0.029709315538838113,0.7920622551342422,0.33481197544568403,0.509564200285181
1735208710.1948552,506,-1664843.836697598,-4736990.577737056,4636588.091161846,0.02967952164351224,0.7920493619003064,0.33478493292209105,0.5096037458797187
1735208710.2781885,507,-1665089.8037332767,-4737355.720772927,4636128.26868455,0.029653849633612804,0.7920406427595473,0.3347562448449023,0.5096376401822683
1735208710.3615217,508,-1665335.7421599464,-4737720.782410962,4635668.366318383,0.0296362410559107,0.792040089279024,0.3347243374380251,0.5096604791460294
1735208710.4448552,509,-1665581.6812902524,-4738085.845093448,4635208.462636423,0.029618632427830006,0.7920395357969171,0.33469242993986,0.5096833181751333
1735208710.5281885,510,-1665827.6050863094,-4738450.86511355,4634748.519445442,0.029601409366725135,0.7920378100699468,0.33466287236725856,0.5097064101238992
1735208710.6115217,511,-1666073.50026066,-4738815.803716947,4634288.496389325,0.02958494048748323,0.7920337910901942,0.3346379117495081,0.5097299969844371
1735208710.6948552,512,-1666319.3961385228,-4739180.743364444,4633828.47201707,0.02956847156112344,0.7920297720989432,0.3346129510603446,0.5097535839124576
1735208710.7781885,513,-1666565.2766757705,-4739545.640340266,4633368.408148277,0.02954804191191565,0.7920274446302207,0.33458338150051353,0.5097777931187074
1735208710.8615217,514,-1666811.128578616,-4739910.455880522,4632908.264438095,0.029519863852151502,0.7920284262458517,0.3345447955181742,0.5098032198130025
1735208710.9448552,515,-1667056.9811848502,-4740275.272464524,4632448.11941143,0.029491685711769203,0.7920294078642911,0.33450620942543935,0.5098286465800439
1735208711.0281885,516,-1667302.818444112,-4740640.046367576,4631987.934900699,0.02946632300196573,0.7920276954532456,0.33447058916076683,0.5098561447453179
1735208711.1115217,517,-1667548.627056293,-4741004.738816227,4631527.670572305,0.029446467930208154,0.7920207127475556,0.33444077069682354,0.5098876953063983
1735208711.1948552,518,-1667794.4363717388,-4741369.432308272,4631067.404927083,0.029426612801644707,0.7920137300218879,0.3344109521475689,0.5099192459577457
1735208711.2781885,519,-1668040.2303338458,-4741734.083110079,4630607.09981029,0.029409338809880274,0.7920047847318082,0.33437818260849855,0.509955624773603
1735208711.3615217,520,-1668285.995636175,-4742098.652438625,4630146.714899603,0.029397114156410657,0.7919920000595544,0.33433963991373783,0.5100014490509751
1735208711.4448552,521,-1668531.7616416449,-4742463.2228102125,4629686.328671743,0.02938488946796599,0.7919792153507234,0.3343010971087054,0.5100472734594517
1735208711.5281885,522,-1668777.5122874205,-4742827.750482291,4629225.902984792,0.029372205098549528,0.7919703987401949,0.3342615779611366,0.5100875964837572
1735208711.6115217,523,-1669023.2342607416,-4743192.196662284,4628765.397527688,0.02935862139190164,0.7919693448050118,0.3342201485897195,0.5101171574674236
1735208711.6948552,524,-1669268.9569370796,-4743556.643884967,4628304.890753065,0.029345037646390418,0.7919682908668132,0.3341787190997719,0.5101467185356646
1735208711.7781885,525,-1669514.664247361,-4743921.048398863,4627844.34453185,0.029327810914805144,0.7919676475760745,0.334141603267262,0.5101730216638757
1735208711.8615217,526,-1669760.3428724995,-4744285.3714018315,4627383.718564255,0.029303457373754782,0.7919678076245292,0.3341129259632935,0.510192951485427
1735208711.9448552,527,-1670006.0222005306,-4744649.6954471385,4626923.091278798,0.02927910376302831,0.7919679676734417,0.33408424857727853,0.510212881363998
1735208712.0281885,528,-1670251.6861561511,-4745013.976774393,4626462.424559235,0.02925667851250486,0.791963705417696,0.3340605428952861,0.5102363063131181
1735208712.1115217,529,-1670497.3214139552,-4745378.176571907,4626001.678117047,0.029238025555450388,0.7919507918570667,0.3340465631424775,0.5102665687417143
1735208712.1948552,530,-1670742.957374528,-4745742.3774114065,4625540.930356652,0.029219372545029328,0.7919378782594915,0.33403258334967245,0.510296831256892
1735208712.2781885,531,-1670988.5779563321,-4746106.535523584,4625080.143174653,0.029193898586603498,0.791926533669551,0.3340117093679771,0.5103295560813189
1735208712.3615217,532,-1671234.1698276396,-4746470.612087197,4624619.276293813,0.029155080778500445,0.7919182584396477,0.3339773482824245,0.5103670980635241
1735208712.4448552,533,-1671479.762401592,-4746834.689692443,4624158.408094421,0.02911626285933865,0.7919099831860685,0.3339429870985639,0.5104046401531379
1735208712.5281885,534,-1671725.3395904172,-4747198.7245611,4623697.500485931,0.029079903168734825,0.7919023621766323,0.3339137212095555,0.5104376876772178
1735208712.6115217,535,-1671970.8880560652,-4747562.677862375,4623236.513202387,0.029048352266256506,0.7918960210114735,0.33389442299729416,0.5104619427424871
1735208712.6948552,536,-1672216.4372242333,-4747926.632204929,4622775.524599947,0.029016801273510244,0.7918896798281723,0.33387512472982017,0.5104861978771509
1735208712.7781885,537,-1672461.9710009252,-4748290.543801641,4622314.496600905,0.028993174782784913,0.7918847028080256,0.3338530900952452,0.5105096731063475
1735208712.8615217,538,-1672707.4760417743,-4748654.373812176,4621853.3889505835,0.02898505073128445,0.7918823944497058,0.3338257022279089,0.5105316227508444
1735208712.9448552,539,-1672952.9817850199,-4749018.204863638,4621392.27998102,0.028976926656540874,0.7918800860847817,0.33379831428221524,0.5105535724581398
1735208713.0281885,540,-1673198.4721304295,-4749381.99315999,4620931.131627374,0.028965902127909914,0.7918765548108837,0.33376946512267597,0.5105785351552854
1735208713.1115217,541,-1673443.9337273128,-4749745.699851348,4620469.903646265,0.02894920342789055,0.7918706311607417,0.33373775725333304,0.5106093922540625
1735208713.1948552,542,-1673689.396026468,-4750109.40758328,4620008.674345572,0.028932504680095776,0.791864707493652,0.33370604929327313,0.5106402494411227
1735208713.2781885,543,-1673934.8429214477,-4750473.072550868,4619547.405673283,0.028915879635049848,0.7918578525143706,0.3336763055246083,0.5106712588826805
1735208713.3615217,544,-1674180.261055256,-4750836.655894703,4619086.057397289,0.028899398680415293,0.7918491755861754,0.3336504041044157,0.5107025663507379
1735208713.4448552,545,-1674425.679891212,-4751200.24027876,4618624.707801366,0.028882917678628307,0.7918404986331554,0.33362450261011856,0.5107338739083666
1735208713.5281885,546,-1674671.0833166265,-4751563.7818892,4618163.318846387,0.02886218949113229,0.7918315679311848,0.3336005147802109,0.5107645608238061
1735208713.6115217,547,-1674916.4579681738,-4751927.241857057,4617701.850311559,0.028833152488879927,0.7918221407743791,0.33358027048585104,0.5107940337590101
1735208713.6948552,548,-1675161.8333217439,-4752290.702864784,4617240.380456458,0.028804115403551954,0.791812713590602,0.3335600261335717,0.5108235067785372
1735208713.7781885,549,-1675407.1932584362,-4752654.121089664,4616778.871254797,0.028778315841824994,0.7918027810672819,0.33353963986544627,0.5108536692075367
1735208713.8615217,550,-1675652.52440862,-4753017.457653217,4616317.282497062,0.028758849649255718,0.7917918599010292,0.33351897585561047,0.510885180485636
1735208713.9448552,551,-1675897.856260703,-4753380.795256286,4615855.692418709,0.02873938340099317,0.7917809387035307,0.3334983117866544,0.51091669185389
1735208714.0281885,552,-1676143.1726895575,-4753744.090067262,4615394.063006319,0.02871859801416607,0.7917728214777398,0.33347459883482783,0.5109459182600355
1735208714.1115217,553,-1676388.4603192382,-4754107.303198131,4614932.354061675,0.028695231902176616,0.791770189569718,0.33344492127144565,0.5109706747964037
1735208714.1948552,554,-1676633.7486506933,-4754470.517368163,4614470.6437960705,0.02867186572333612,0.7917675576541664,0.33341524362315517,0.5109954314036009
1735208714.2781885,555,-1676879.0215525636,-4754833.688736847,4614008.894208969,0.028651857501658114,0.7917664832902377,0.33338251649927897,0.511019571743416
1735208714.3615217,556,-1677124.265642581,-4755196.77840663,4613547.0651134765,0.028638418283724428,0.7917684559326226,0.3333438235538762,0.5110425066247168
1735208714.4448552,557,-1677369.510434248,-4755559.869115223,4613085.23469668,0.028624979027340798,0.7917704285806513,0.33330513049777194,0.5110654415716351
1735208714.5281885,558,-1677614.7397899963,-4755922.917013248,4612623.36497089,0.02861365209779173,0.791768556802503,0.33327297265246086,0.5110899489550579
1735208714.6115217,559,-1677859.9403212566,-4756285.883193644,4612161.415760498,0.028606457414689285,0.791759164226909,0.3332535993513099,0.5111175326070204
1735208714.6948552,560,-1678105.1415540422,-4756648.850412495,4611699.465228457,0.02859926271100267,0.7917497716244426,0.3332342259947314,0.5111451163379006
1735208714.7781885,561,-1678350.3273445573,-4757011.774811536,4611237.4753999645,0.02858858323337587,0.7917403382740423,0.33320972325068743,0.5111762976149574
1735208714.8615217,562,-1678595.4842979154,-4757374.617474174,4610775.406110732,0.02857108649069408,0.7917308251563389,0.3331751858341422,0.5112145168862675
1735208714.9448552,563,-1678840.6419526737,-4757737.461174914,4610313.335499508,0.02855358969795366,0.7917213120114182,0.33314064831878454,0.5112527362669238
1735208715.0281885,564,-1679085.784158824,-4758100.26204662,4609851.225604356,0.028538625681315478,0.791712396010732,0.33310954634460804,0.5112876466077471
1735208715.1115217,565,-1679330.8975151752,-4758462.981163191,4609389.036272292,0.028528616408674472,0.7917046481434743,0.3330851650884094,0.5113160837243904
1735208715.1948552,566,-1679576.0115728017,-4758825.70131751,4608926.845617892,0.028518607107396683,0.7916969002540498,0.33306078376245535,0.5113445209223931
1735208715.2781885,567,-1679821.1101754748,-4759188.378633564,4608464.615692104,0.028502112633690325,0.7916899393953282,0.33303826704127193,0.5113708835670288
1735208715.3615217,568,-1680066.1799156903,-4759550.974175732,4608002.306353262,0.028472931232738072,0.7916845181527165,0.33301939788935386,0.5113931879449785
1735208715.4448552,569,-1680311.2503570567,-4759913.5707552945,4607539.99569174,0.028443749748297078,0.7916790968945944,0.33300052868345065,0.5114154923867417
1735208715.5281885,570,-1680556.3053371261,-4760276.124487366,4607077.645771374,0.028416424381181464,0.79167311582954,0.33297950386996794,0.5114399599511283
1735208715.6115217,571,-1680801.331442085,-4760638.596426806,4606615.2164618205,0.028392729952569386,0.7916660395900216,0.3329542619595652,0.5114686593332594
1735208715.6948552,572,-1681046.35824807,-4761001.06940329,4606152.785829244,0.028369035456166942,0.7916589633302579,0.33292901997694474,0.5114973587975001
1735208715.7781885,573,-1681291.3695864244,-4761363.499523069,4605690.315950354,0.0283423025969945,0.7916506273045526,0.33290341739239154,0.5115284058848035
1735208715.8615217,574,-1681536.3520370333,-4761725.8478315035,4605227.766706117,0.028309625689661857,0.7916398267730385,0.33287710922497976,0.5115640457618164
1735208715.9448552,575,-1681781.3351885432,-4762088.197176626,4604765.216138515,0.028276948688839745,0.7916290262106237,0.33285080098229963,0.5115996857407957
1735208716.0281885,576,-1682026.302866079,-4762450.503655822,4604302.626337153,0.02824820008166644,0.7916197428473961,0.33282754525733127,0.5116307710617434
1735208716.1115217,577,-1682271.2416432148,-4762812.728304938,4603839.957194335,0.028227136364725416,0.7916134275037375,0.3328102609918151,0.5116529463549445
1735208716.1948552,578,-1682516.181121127,-4763174.95399039,4603377.286727808,0.02820607258752056,0.7916071121420105,0.33279297667684826,0.5116751217115897
1735208716.2781885,579,-1682761.1051187317,-4763537.1368007045,4602914.577040059,0.028184490212158568,0.7915995262185552,0.33277432456969686,0.5117001775458876
1735208716.3615217,580,-1683006.0002033035,-4763899.237762236,4602451.788034706,0.028161893191053753,0.7915894546738711,0.33275299656905566,0.5117308685509309
1735208716.4448552,581,-1683250.8959885263,-4764261.339759748,4601988.997705303,0.02813929610529828,0.791579383100372,0.3327316685073945,0.5117615596437819
1735208716.5281885,582,-1683495.7762871017,-4764623.398872909,4601526.168167237,0.028117090318456286,0.79157104571964,0.3327059537564728,0.5117923942172913
1735208716.6115217,583,-1683740.6276599956,-4764985.376118565,4601063.25933547,0.028095649898883315,0.7915661008647015,0.3326716572544084,0.5118235096522057
1735208716.6948552,584,-1683985.4797334156,-4765347.354399847,4600600.34917931,0.028074209417968753,0.7915611559956156,0.3326373606542208,0.5118546251761421
1735208716.7781885,585,-1684230.3163138577,-4765709.2897875765,4600137.399827031,0.028051224713985703,0.7915548279190654,0.3326054812686428,0.5118863884610318
1735208716.8615217,586,-1684475.1239559897,-4766071.143289109,4599674.371204925,0.028025218943460495,0.7915457938613473,0.33257833046136176,0.5119194191276758
1735208716.9448552,587,-1684719.9322985227,-4766432.997825913,4599211.34125808,0.02799921309853211,0.7915367597777824,0.3325511795764016,0.5119524498888215
1735208717.0281885,588,-1684964.7251417423,-4766794.80945996,4598748.272127679,0.027971880888529966,0.7915280118477593,0.33252257124285606,0.5119860516759749
1735208717.1115217,589,-1685209.4890340127,-4767156.539189108,4598285.123751349,0.027941953779623305,0.7915198236661871,0.3324911115667706,0.5120207707398754
1735208717.1948552,590,-1685454.2536265587,-4767518.2699531745,4597821.974049941,0.02791202658509442,0.7915116354611883,0.3324596518006782,0.5120554899031081
1735208717.2781885,591,-1685699.0027134558,-4767879.957805279,4597358.785177538,0.02787916860948452,0.7915008468209145,0.33243177620300796,0.512092054416916
1735208717.3615217,592,-1685943.722836765,-4768241.563733784,4596895.517083115,0.02784057701170057,0.7914849709319927,0.3324109120983722,0.5121322291640032
1735208717.4448552,593,-1686188.4436602248,-4768603.170696853,4596432.24766327,0.02780198530350507,0.7914690949976495,0.33239004793404375,0.5121724040260316
1735208717.5281885,594,-1686433.1489717092,-4768964.73473877,4595968.939084985,0.02777108504993331,0.7914555725292569,0.33236979157254914,0.5122081255851505
1735208717.6115217,595,-1686677.825306985,-4769326.216838419,4595505.551308571,0.027755231288129484,0.7914466540314635,0.332350724132252,0.512235135421811
1735208717.6948552,596,-1686922.5023422863,-4769687.699972278,4595042.162206393,0.027739377480967636,0.7914377355081541,0.3323316566374023,0.5122621453357473
1735208717.7781885,597,-1687167.1638592775,-4770049.140175786,4594578.7339583505,0.02772262550808021,0.7914265497599878,0.3323095489145911,0.512294674131211
